client_id,date,need,asset_class,underlying,product_family,objective,need_text,status
CL_001,2026-07-24,duration review,equity,EQUITY,review,duration_review,Conversation suggested possible interest in duration review in equity; status=follow_up.,follow_up
CL_001,2026-08-06,duration review,equity,EQUITY,review,duration_review,Conversation explicitly raised duration review in equity; status=no_action.,no_action
CL_001,2025-10-26,risk review,rates,RATES,review,risk_review,Conversation suggested possible interest in risk review in rates; status=follow_up.,follow_up
CL_001,2026-04-06,duration review,equity,EQUITY,review,duration_review,Conversation explicitly raised duration review in equity; status=follow_up.,follow_up
CL_002,2026-03-16,relative value,credit,CREDIT,review,relative_value,Conversation explicitly raised relative value in credit; status=declined.,declined
CL_002,2025-11-07,yield lock-in,credit,CREDIT,review,yield_lock-in,Conversation explicitly raised yield lock-in in credit; status=no_action.,no_action
CL_002,2026-08-07,risk review,credit,CREDIT,review,risk_review,Conversation suggested possible interest in risk review in credit; status=quoted.,quoted
CL_002,2026-09-12,duration review,credit,CREDIT,review,duration_review,Conversation explicitly raised duration review in credit; status=watchlist.,watchlist
CL_002,2026-07-14,yield lock-in,credit,CREDIT,review,yield_lock-in,Conversation explicitly raised yield lock-in in credit; status=quoted.,quoted
CL_002,2025-11-18,yield enhancement,credit,CREDIT,review,yield_enhancement,Conversation explicitly raised yield enhancement in credit; status=declined.,declined
CL_002,2026-02-02,yield lock-in,credit,CREDIT,review,yield_lock-in,Conversation explicitly raised yield lock-in in credit; status=no_action.,no_action
CL_002,2025-08-11,yield lock-in,credit,CREDIT,review,yield_lock-in,Conversation explicitly raised yield lock-in in credit; status=discussed.,discussed
CL_003,2025-11-30,recovery participation,commodity,COMMODITY,review,recovery_participation,Conversation suggested possible interest in recovery participation in commodity; status=deferred.,deferred
CL_003,2026-06-17,relative value,fx,FX,review,relative_value,Conversation explicitly raised relative value in fx; status=quoted.,quoted
CL_003,2026-03-27,recovery participation,fx,FX,review,recovery_participation,Conversation suggested possible interest in recovery participation in fx; status=follow_up.,follow_up
CL_003,2026-05-09,recovery participation,equity,EQUITY,review,recovery_participation,Conversation explicitly raised recovery participation in equity; status=no_action.,no_action
CL_003,2026-05-03,yield enhancement,equity,EQUITY,review,yield_enhancement,Conversation explicitly raised yield enhancement in equity; status=follow_up.,follow_up
CL_003,2025-11-05,recovery participation,rates,RATES,review,recovery_participation,Conversation explicitly raised recovery participation in rates; status=no_action.,no_action
CL_004,2026-04-21,risk review,rates,RATES,review,risk_review,Conversation explicitly raised risk review in rates; status=no_action.,no_action
CL_004,2026-04-28,yield lock-in,equity,EQUITY,review,yield_lock-in,Conversation explicitly raised yield lock-in in equity; status=quoted.,quoted
CL_004,2025-12-24,capital preservation,rates,RATES,review,capital_preservation,Conversation explicitly raised capital preservation in rates; status=follow_up.,follow_up
CL_004,2026-01-23,capital preservation,rates,RATES,review,capital_preservation,Conversation explicitly raised capital preservation in rates; status=follow_up.,follow_up
CL_005,2026-07-16,yield enhancement,credit,CREDIT,review,yield_enhancement,Conversation suggested possible interest in yield enhancement in credit; status=follow_up.,follow_up
CL_005,2026-03-23,duration review,fx,FX,review,duration_review,Conversation explicitly raised duration review in fx; status=watchlist.,watchlist
CL_005,2026-02-06,duration review,credit,CREDIT,review,duration_review,Conversation suggested possible interest in duration review in credit; status=follow_up.,follow_up
CL_005,2026-03-20,fixed-rate hedging,credit,CREDIT,review,fixed-rate_hedging,Conversation suggested possible interest in fixed-rate hedging in credit; status=discussed.,discussed
CL_006,2026-04-12,yield enhancement,rates,RATES,review,yield_enhancement,Conversation suggested possible interest in yield enhancement in rates; status=no_action.,no_action
CL_006,2025-10-03,option monetization,rates,RATES,review,option_monetization,Conversation explicitly raised option monetization in rates; status=quoted.,quoted
CL_006,2026-09-07,option monetization,rates,RATES,review,option_monetization,Conversation explicitly raised option monetization in rates; status=discussed.,discussed
CL_006,2025-12-25,option monetization,commodity,COMMODITY,review,option_monetization,Conversation suggested possible interest in option monetization in commodity; status=no_action.,no_action
CL_006,2025-10-05,relative value,credit,CREDIT,review,relative_value,Conversation suggested possible interest in relative value in credit; status=deferred.,deferred
CL_006,2026-01-19,option monetization,rates,RATES,review,option_monetization,Conversation explicitly raised option monetization in rates; status=no_action.,no_action
CL_006,2026-02-11,commodity risk review,commodity,COMMODITY,review,commodity_risk_review,Conversation suggested possible interest in commodity risk review in commodity; status=discussed.,discussed
CL_006,2026-03-22,risk review,commodity,COMMODITY,review,risk_review,Conversation explicitly raised risk review in commodity; status=discussed.,discussed
CL_007,2026-07-26,relative value,commodity,COMMODITY,review,relative_value,Conversation explicitly raised relative value in commodity; status=no_action.,no_action
CL_007,2025-11-03,capital preservation,commodity,COMMODITY,review,capital_preservation,Conversation explicitly raised capital preservation in commodity; status=follow_up.,follow_up
CL_007,2026-07-24,yield enhancement,commodity,COMMODITY,review,yield_enhancement,Conversation suggested possible interest in yield enhancement in commodity; status=follow_up.,follow_up
CL_007,2026-06-12,capital preservation,rates,RATES,review,capital_preservation,Conversation explicitly raised capital preservation in rates; status=follow_up.,follow_up
CL_007,2025-11-25,capital preservation,fx,FX,review,capital_preservation,Conversation explicitly raised capital preservation in fx; status=declined.,declined
CL_008,2026-08-01,capital preservation,commodity,COMMODITY,review,capital_preservation,Conversation explicitly raised capital preservation in commodity; status=discussed.,discussed
CL_008,2025-08-19,capital preservation,commodity,COMMODITY,review,capital_preservation,Conversation explicitly raised capital preservation in commodity; status=quoted.,quoted
CL_008,2026-07-24,risk review,equity,EQUITY,review,risk_review,Conversation explicitly raised risk review in equity; status=discussed.,discussed
CL_008,2025-08-24,capital preservation,credit,CREDIT,review,capital_preservation,Conversation explicitly raised capital preservation in credit; status=declined.,declined
CL_008,2025-11-16,capital preservation,credit,CREDIT,review,capital_preservation,Conversation suggested possible interest in capital preservation in credit; status=no_action.,no_action
CL_009,2026-01-24,relative value,commodity,COMMODITY,review,relative_value,Conversation suggested possible interest in relative value in commodity; status=deferred.,deferred
CL_009,2026-02-11,corporate fx hedging,rates,RATES,review,corporate_fx_hedging,Conversation explicitly raised corporate fx hedging in rates; status=declined.,declined
CL_009,2026-07-24,producer/consumer hedging,rates,RATES,review,producer/consumer_hedging,Conversation suggested possible interest in producer/consumer hedging in rates; status=deferred.,deferred
CL_009,2025-12-29,producer/consumer hedging,rates,RATES,review,producer/consumer_hedging,Conversation suggested possible interest in producer/consumer hedging in rates; status=discussed.,discussed
CL_010,2025-10-26,producer/consumer hedging,fx,FX,review,producer/consumer_hedging,Conversation explicitly raised producer/consumer hedging in fx; status=follow_up.,follow_up
CL_010,2026-02-07,relative value,rates,RATES,review,relative_value,Conversation explicitly raised relative value in rates; status=follow_up.,follow_up
CL_010,2026-02-26,capital preservation,rates,RATES,review,capital_preservation,Conversation suggested possible interest in capital preservation in rates; status=watchlist.,watchlist
CL_010,2026-03-19,relative value,commodity,COMMODITY,review,relative_value,Conversation suggested possible interest in relative value in commodity; status=discussed.,discussed
CL_011,2026-02-17,fixed-rate hedging,equity,EQUITY,review,fixed-rate_hedging,Conversation explicitly raised fixed-rate hedging in equity; status=follow_up.,follow_up
CL_011,2026-08-27,fixed-rate hedging,equity,EQUITY,review,fixed-rate_hedging,Conversation explicitly raised fixed-rate hedging in equity; status=no_action.,no_action
CL_011,2026-03-29,relative value,fx,FX,review,relative_value,Conversation suggested possible interest in relative value in fx; status=watchlist.,watchlist
CL_011,2026-03-30,fixed-rate hedging,rates,RATES,review,fixed-rate_hedging,Conversation suggested possible interest in fixed-rate hedging in rates; status=quoted.,quoted
CL_012,2026-08-02,fixed-rate hedging,credit,CREDIT,review,fixed-rate_hedging,Conversation explicitly raised fixed-rate hedging in credit; status=follow_up.,follow_up
CL_012,2026-06-03,risk review,fx,FX,review,risk_review,Conversation suggested possible interest in risk review in fx; status=no_action.,no_action
CL_012,2026-05-13,fixed-rate hedging,fx,FX,review,fixed-rate_hedging,Conversation explicitly raised fixed-rate hedging in fx; status=follow_up.,follow_up
CL_012,2026-04-06,yield lock-in,credit,CREDIT,review,yield_lock-in,Conversation suggested possible interest in yield lock-in in credit; status=declined.,declined
CL_012,2026-08-22,yield lock-in,credit,CREDIT,review,yield_lock-in,Conversation explicitly raised yield lock-in in credit; status=no_action.,no_action
CL_013,2026-02-24,duration review,rates,RATES,review,duration_review,Conversation suggested possible interest in duration review in rates; status=watchlist.,watchlist
CL_013,2025-08-25,risk review,equity,EQUITY,review,risk_review,Conversation explicitly raised risk review in equity; status=quoted.,quoted
CL_013,2025-11-14,duration review,rates,RATES,review,duration_review,Conversation suggested possible interest in duration review in rates; status=deferred.,deferred
CL_013,2026-01-21,duration review,rates,RATES,review,duration_review,Conversation suggested possible interest in duration review in rates; status=quoted.,quoted
CL_013,2026-07-30,duration review,rates,RATES,review,duration_review,Conversation suggested possible interest in duration review in rates; status=no_action.,no_action
CL_013,2026-01-20,duration review,equity,EQUITY,review,duration_review,Conversation explicitly raised duration review in equity; status=quoted.,quoted
CL_013,2025-11-24,duration review,rates,RATES,review,duration_review,Conversation suggested possible interest in duration review in rates; status=quoted.,quoted
CL_014,2026-05-01,yield lock-in,rates,RATES,review,yield_lock-in,Conversation explicitly raised yield lock-in in rates; status=no_action.,no_action
CL_014,2026-07-22,yield lock-in,equity,EQUITY,review,yield_lock-in,Conversation suggested possible interest in yield lock-in in equity; status=declined.,declined
CL_014,2025-08-10,duration review,equity,EQUITY,review,duration_review,Conversation explicitly raised duration review in equity; status=discussed.,discussed
CL_014,2026-02-03,capital preservation,equity,EQUITY,review,capital_preservation,Conversation explicitly raised capital preservation in equity; status=deferred.,deferred
CL_014,2025-09-28,duration review,credit,CREDIT,review,duration_review,Conversation explicitly raised duration review in credit; status=deferred.,deferred
CL_014,2026-04-13,duration review,equity,EQUITY,review,duration_review,Conversation explicitly raised duration review in equity; status=watchlist.,watchlist
CL_015,2026-05-25,duration review,rates,RATES,review,duration_review,Conversation suggested possible interest in duration review in rates; status=deferred.,deferred
CL_015,2025-09-10,duration review,equity,EQUITY,review,duration_review,Conversation explicitly raised duration review in equity; status=discussed.,discussed
CL_015,2026-07-30,fixed-rate hedging,fx,FX,review,fixed-rate_hedging,Conversation suggested possible interest in fixed-rate hedging in fx; status=watchlist.,watchlist
CL_015,2025-10-31,yield enhancement,rates,RATES,review,yield_enhancement,Conversation explicitly raised yield enhancement in rates; status=quoted.,quoted
CL_016,2025-11-22,commodity risk review,equity,EQUITY,review,commodity_risk_review,Conversation suggested possible interest in commodity risk review in equity; status=follow_up.,follow_up
CL_016,2026-02-01,relative value,commodity,COMMODITY,review,relative_value,Conversation suggested possible interest in relative value in commodity; status=no_action.,no_action
CL_016,2025-11-11,commodity risk review,equity,EQUITY,review,commodity_risk_review,Conversation explicitly raised commodity risk review in equity; status=deferred.,deferred
CL_016,2026-02-12,commodity risk review,commodity,COMMODITY,review,commodity_risk_review,Conversation explicitly raised commodity risk review in commodity; status=discussed.,discussed
CL_016,2026-08-20,commodity risk review,rates,RATES,review,commodity_risk_review,Conversation explicitly raised commodity risk review in rates; status=discussed.,discussed
CL_017,2026-08-18,capital preservation,volatility,VOLATILITY,review,capital_preservation,Conversation explicitly raised capital preservation in volatility; status=declined.,declined
CL_017,2026-02-02,capital preservation,commodity,COMMODITY,review,capital_preservation,Conversation explicitly raised capital preservation in commodity; status=follow_up.,follow_up
CL_017,2026-06-22,downside hedging,volatility,VOLATILITY,review,downside_hedging,Conversation suggested possible interest in downside hedging in volatility; status=quoted.,quoted
CL_017,2026-02-08,downside hedging,equity,EQUITY,review,downside_hedging,Conversation suggested possible interest in downside hedging in equity; status=declined.,declined
CL_017,2026-09-06,downside hedging,commodity,COMMODITY,review,downside_hedging,Conversation explicitly raised downside hedging in commodity; status=declined.,declined
CL_017,2026-07-07,downside hedging,commodity,COMMODITY,review,downside_hedging,Conversation suggested possible interest in downside hedging in commodity; status=deferred.,deferred
CL_018,2026-08-31,capital preservation,equity,EQUITY,review,capital_preservation,Conversation explicitly raised capital preservation in equity; status=watchlist.,watchlist
CL_018,2025-10-14,yield enhancement,rates,RATES,review,yield_enhancement,Conversation explicitly raised yield enhancement in rates; status=follow_up.,follow_up
CL_018,2026-08-16,optional hedge,commodity,COMMODITY,review,optional_hedge,Conversation suggested possible interest in optional hedge in commodity; status=watchlist.,watchlist
CL_018,2025-10-04,optional hedge,rates,RATES,review,optional_hedge,Conversation suggested possible interest in optional hedge in rates; status=no_action.,no_action
CL_018,2026-04-21,capital preservation,commodity,COMMODITY,review,capital_preservation,Conversation explicitly raised capital preservation in commodity; status=follow_up.,follow_up
CL_018,2025-10-02,risk review,credit,CREDIT,review,risk_review,Conversation explicitly raised risk review in credit; status=declined.,declined
CL_018,2026-03-25,optional hedge,commodity,COMMODITY,review,optional_hedge,Conversation explicitly raised optional hedge in commodity; status=follow_up.,follow_up
CL_018,2026-06-03,yield enhancement,equity,EQUITY,review,yield_enhancement,Conversation suggested possible interest in yield enhancement in equity; status=watchlist.,watchlist
CL_019,2026-01-10,risk review,fx,FX,review,risk_review,Conversation suggested possible interest in risk review in fx; status=watchlist.,watchlist
CL_019,2025-11-14,producer/consumer hedging,commodity,COMMODITY,review,producer/consumer_hedging,Conversation explicitly raised producer/consumer hedging in commodity; status=quoted.,quoted
CL_019,2025-10-07,yield enhancement,fx,FX,review,yield_enhancement,Conversation explicitly raised yield enhancement in fx; status=deferred.,deferred
CL_019,2026-03-24,producer/consumer hedging,rates,RATES,review,producer/consumer_hedging,Conversation explicitly raised producer/consumer hedging in rates; status=declined.,declined
CL_020,2026-05-30,corporate fx hedging,fx,FX,review,corporate_fx_hedging,Conversation explicitly raised corporate fx hedging in fx; status=follow_up.,follow_up
CL_020,2025-10-14,relative value,fx,FX,review,relative_value,Conversation explicitly raised relative value in fx; status=follow_up.,follow_up
CL_020,2026-03-15,corporate fx hedging,fx,FX,review,corporate_fx_hedging,Conversation explicitly raised corporate fx hedging in fx; status=follow_up.,follow_up
CL_020,2025-11-21,corporate fx hedging,fx,FX,review,corporate_fx_hedging,Conversation explicitly raised corporate fx hedging in fx; status=no_action.,no_action
CL_020,2026-03-20,producer/consumer hedging,fx,FX,review,producer/consumer_hedging,Conversation explicitly raised producer/consumer hedging in fx; status=watchlist.,watchlist
CL_020,2026-07-06,producer/consumer hedging,fx,FX,review,producer/consumer_hedging,Conversation suggested possible interest in producer/consumer hedging in fx; status=discussed.,discussed
CL_020,2026-06-05,capital preservation,fx,FX,review,capital_preservation,Conversation explicitly raised capital preservation in fx; status=deferred.,deferred
CL_021,2026-03-19,corporate fx hedging,fx,FX,review,corporate_fx_hedging,Conversation explicitly raised corporate fx hedging in fx; status=quoted.,quoted
CL_021,2026-08-07,capital preservation,rates,RATES,review,capital_preservation,Conversation explicitly raised capital preservation in rates; status=quoted.,quoted
CL_021,2026-01-28,corporate fx hedging,volatility,VOLATILITY,review,corporate_fx_hedging,Conversation explicitly raised corporate fx hedging in volatility; status=deferred.,deferred
CL_021,2026-09-24,risk review,fx,FX,review,risk_review,Conversation suggested possible interest in risk review in fx; status=quoted.,quoted
CL_021,2025-12-20,relative value,rates,RATES,review,relative_value,Conversation explicitly raised relative value in rates; status=follow_up.,follow_up
CL_021,2026-04-25,corporate fx hedging,fx,FX,review,corporate_fx_hedging,Conversation suggested possible interest in corporate fx hedging in fx; status=no_action.,no_action
CL_021,2026-02-04,corporate fx hedging,volatility,VOLATILITY,review,corporate_fx_hedging,Conversation explicitly raised corporate fx hedging in volatility; status=declined.,declined
CL_021,2026-01-06,corporate fx hedging,fx,FX,review,corporate_fx_hedging,Conversation explicitly raised corporate fx hedging in fx; status=deferred.,deferred
CL_022,2026-05-26,fixed-rate hedging,fx,FX,review,fixed-rate_hedging,Conversation explicitly raised fixed-rate hedging in fx; status=no_action.,no_action
CL_022,2026-03-26,fixed-rate hedging,rates,RATES,review,fixed-rate_hedging,Conversation explicitly raised fixed-rate hedging in rates; status=follow_up.,follow_up
CL_022,2025-11-05,yield lock-in,rates,RATES,review,yield_lock-in,Conversation explicitly raised yield lock-in in rates; status=no_action.,no_action
CL_022,2025-08-19,fixed-rate hedging,fx,FX,review,fixed-rate_hedging,Conversation suggested possible interest in fixed-rate hedging in fx; status=no_action.,no_action
CL_022,2025-08-27,yield lock-in,credit,CREDIT,review,yield_lock-in,Conversation explicitly raised yield lock-in in credit; status=discussed.,discussed
CL_022,2026-04-06,yield enhancement,fx,FX,review,yield_enhancement,Conversation suggested possible interest in yield enhancement in fx; status=deferred.,deferred
CL_023,2025-11-07,duration review,fx,FX,review,duration_review,Conversation suggested possible interest in duration review in fx; status=no_action.,no_action
CL_023,2026-02-04,duration review,fx,FX,review,duration_review,Conversation explicitly raised duration review in fx; status=follow_up.,follow_up
CL_023,2026-09-05,risk review,credit,CREDIT,review,risk_review,Conversation suggested possible interest in risk review in credit; status=deferred.,deferred
CL_023,2025-12-22,duration review,equity,EQUITY,review,duration_review,Conversation explicitly raised duration review in equity; status=watchlist.,watchlist
CL_023,2025-08-23,optional hedge,commodity,COMMODITY,review,optional_hedge,Conversation explicitly raised optional hedge in commodity; status=watchlist.,watchlist
CL_023,2026-03-22,risk review,rates,RATES,review,risk_review,Conversation explicitly raised risk review in rates; status=deferred.,deferred
CL_023,2026-06-23,risk review,commodity,COMMODITY,review,risk_review,Conversation explicitly raised risk review in commodity; status=follow_up.,follow_up
CL_024,2025-09-19,capital preservation,rates,RATES,review,capital_preservation,Conversation explicitly raised capital preservation in rates; status=declined.,declined
CL_024,2026-08-05,capital preservation,rates,RATES,review,capital_preservation,Conversation suggested possible interest in capital preservation in rates; status=deferred.,deferred
CL_024,2026-02-20,capital preservation,rates,RATES,review,capital_preservation,Conversation explicitly raised capital preservation in rates; status=deferred.,deferred
CL_024,2026-03-30,capital preservation,rates,RATES,review,capital_preservation,Conversation suggested possible interest in capital preservation in rates; status=no_action.,no_action
CL_025,2026-08-19,fx hedging,rates,RATES,review,fx_hedging,Conversation suggested possible interest in fx hedging in rates; status=declined.,declined
CL_025,2025-10-14,fx hedging,credit,CREDIT,review,fx_hedging,Conversation suggested possible interest in fx hedging in credit; status=follow_up.,follow_up
CL_025,2025-08-22,fx hedging,credit,CREDIT,review,fx_hedging,Conversation suggested possible interest in fx hedging in credit; status=quoted.,quoted
CL_025,2026-03-23,fx hedging,equity,EQUITY,review,fx_hedging,Conversation suggested possible interest in fx hedging in equity; status=quoted.,quoted
CL_026,2026-03-20,risk review,commodity,COMMODITY,review,risk_review,Conversation explicitly raised risk review in commodity; status=quoted.,quoted
CL_026,2026-03-07,commodity risk review,credit,CREDIT,review,commodity_risk_review,Conversation explicitly raised commodity risk review in credit; status=discussed.,discussed
CL_026,2026-06-23,commodity risk review,commodity,COMMODITY,review,commodity_risk_review,Conversation explicitly raised commodity risk review in commodity; status=discussed.,discussed
CL_026,2026-05-16,risk review,commodity,COMMODITY,review,risk_review,Conversation suggested possible interest in risk review in commodity; status=watchlist.,watchlist
CL_026,2026-01-18,risk review,equity,EQUITY,review,risk_review,Conversation explicitly raised risk review in equity; status=deferred.,deferred
CL_026,2025-09-26,risk review,fx,FX,review,risk_review,Conversation suggested possible interest in risk review in fx; status=follow_up.,follow_up
CL_027,2025-09-28,yield enhancement,credit,CREDIT,review,yield_enhancement,Conversation explicitly raised yield enhancement in credit; status=follow_up.,follow_up
CL_027,2025-09-28,yield enhancement,credit,CREDIT,review,yield_enhancement,Conversation explicitly raised yield enhancement in credit; status=declined.,declined
CL_027,2026-06-16,yield enhancement,commodity,COMMODITY,review,yield_enhancement,Conversation explicitly raised yield enhancement in commodity; status=discussed.,discussed
CL_027,2025-12-07,yield enhancement,rates,RATES,review,yield_enhancement,Conversation explicitly raised yield enhancement in rates; status=discussed.,discussed
CL_027,2026-03-07,relative value,rates,RATES,review,relative_value,Conversation suggested possible interest in relative value in rates; status=deferred.,deferred
CL_027,2025-12-06,yield enhancement,fx,FX,review,yield_enhancement,Conversation explicitly raised yield enhancement in fx; status=deferred.,deferred
CL_028,2026-04-03,capital preservation,equity,EQUITY,review,capital_preservation,Conversation explicitly raised capital preservation in equity; status=deferred.,deferred
CL_028,2026-08-29,yield enhancement,rates,RATES,review,yield_enhancement,Conversation explicitly raised yield enhancement in rates; status=quoted.,quoted
CL_028,2025-09-28,commodity risk review,credit,CREDIT,review,commodity_risk_review,Conversation explicitly raised commodity risk review in credit; status=watchlist.,watchlist
CL_028,2025-12-18,commodity risk review,credit,CREDIT,review,commodity_risk_review,Conversation suggested possible interest in commodity risk review in credit; status=declined.,declined
CL_028,2025-11-27,yield enhancement,equity,EQUITY,review,yield_enhancement,Conversation suggested possible interest in yield enhancement in equity; status=no_action.,no_action
CL_028,2025-11-21,capital preservation,credit,CREDIT,review,capital_preservation,Conversation explicitly raised capital preservation in credit; status=discussed.,discussed
CL_028,2025-11-02,capital preservation,equity,EQUITY,review,capital_preservation,Conversation explicitly raised capital preservation in equity; status=follow_up.,follow_up
CL_028,2025-11-14,commodity risk review,rates,RATES,review,commodity_risk_review,Conversation suggested possible interest in commodity risk review in rates; status=no_action.,no_action
CL_029,2026-05-24,relative value,commodity,COMMODITY,review,relative_value,Conversation explicitly raised relative value in commodity; status=deferred.,deferred
CL_029,2026-08-27,yield lock-in,commodity,COMMODITY,review,yield_lock-in,Conversation explicitly raised yield lock-in in commodity; status=deferred.,deferred
CL_029,2025-11-20,commodity risk review,commodity,COMMODITY,review,commodity_risk_review,Conversation suggested possible interest in commodity risk review in commodity; status=no_action.,no_action
CL_029,2026-04-03,yield enhancement,commodity,COMMODITY,review,yield_enhancement,Conversation explicitly raised yield enhancement in commodity; status=declined.,declined
CL_029,2026-04-16,producer/consumer hedging,commodity,COMMODITY,review,producer/consumer_hedging,Conversation explicitly raised producer/consumer hedging in commodity; status=deferred.,deferred
CL_029,2026-08-08,yield lock-in,fx,FX,review,yield_lock-in,Conversation explicitly raised yield lock-in in fx; status=deferred.,deferred
CL_029,2026-07-07,capital preservation,rates,RATES,review,capital_preservation,Conversation explicitly raised capital preservation in rates; status=follow_up.,follow_up
CL_030,2026-01-30,corporate fx hedging,fx,FX,review,corporate_fx_hedging,Conversation explicitly raised corporate fx hedging in fx; status=discussed.,discussed
CL_030,2026-03-09,fixed-rate hedging,rates,RATES,review,fixed-rate_hedging,Conversation explicitly raised fixed-rate hedging in rates; status=declined.,declined
CL_030,2026-09-01,corporate fx hedging,fx,FX,review,corporate_fx_hedging,Conversation explicitly raised corporate fx hedging in fx; status=declined.,declined
CL_030,2026-08-02,corporate fx hedging,fx,FX,review,corporate_fx_hedging,Conversation explicitly raised corporate fx hedging in fx; status=follow_up.,follow_up
CL_030,2026-09-03,fixed-rate hedging,fx,FX,review,fixed-rate_hedging,Conversation explicitly raised fixed-rate hedging in fx; status=declined.,declined
CL_030,2026-03-13,corporate fx hedging,rates,RATES,review,corporate_fx_hedging,Conversation suggested possible interest in corporate fx hedging in rates; status=quoted.,quoted
CL_030,2026-03-09,corporate fx hedging,fx,FX,review,corporate_fx_hedging,Conversation explicitly raised corporate fx hedging in fx; status=follow_up.,follow_up
CL_030,2025-11-22,fixed-rate hedging,rates,RATES,review,fixed-rate_hedging,Conversation explicitly raised fixed-rate hedging in rates; status=discussed.,discussed
CL_031,2025-08-11,duration review,fx,FX,review,duration_review,Conversation suggested possible interest in duration review in fx; status=declined.,declined
CL_031,2026-07-17,downside hedging,equity,EQUITY,review,downside_hedging,Conversation explicitly raised downside hedging in equity; status=quoted.,quoted
CL_031,2025-11-15,capital preservation,equity,EQUITY,review,capital_preservation,Conversation suggested possible interest in capital preservation in equity; status=declined.,declined
CL_031,2025-12-28,downside hedging,equity,EQUITY,review,downside_hedging,Conversation suggested possible interest in downside hedging in equity; status=deferred.,deferred
CL_031,2026-03-22,fixed-rate hedging,credit,CREDIT,review,fixed-rate_hedging,Conversation explicitly raised fixed-rate hedging in credit; status=declined.,declined
CL_031,2025-09-20,risk review,credit,CREDIT,review,risk_review,Conversation suggested possible interest in risk review in credit; status=watchlist.,watchlist
CL_032,2025-12-05,corporate fx hedging,fx,FX,review,corporate_fx_hedging,Conversation explicitly raised corporate fx hedging in fx; status=deferred.,deferred
CL_032,2025-11-08,relative value,credit,CREDIT,review,relative_value,Conversation suggested possible interest in relative value in credit; status=follow_up.,follow_up
CL_032,2026-09-10,corporate fx hedging,credit,CREDIT,review,corporate_fx_hedging,Conversation explicitly raised corporate fx hedging in credit; status=discussed.,discussed
CL_032,2026-02-24,corporate fx hedging,rates,RATES,review,corporate_fx_hedging,Conversation suggested possible interest in corporate fx hedging in rates; status=declined.,declined
CL_032,2026-01-28,risk review,fx,FX,review,risk_review,Conversation explicitly raised risk review in fx; status=quoted.,quoted
CL_032,2025-12-13,duration review,fx,FX,review,duration_review,Conversation explicitly raised duration review in fx; status=deferred.,deferred
CL_032,2026-06-30,duration review,fx,FX,review,duration_review,Conversation suggested possible interest in duration review in fx; status=watchlist.,watchlist
CL_032,2025-09-22,duration review,fx,FX,review,duration_review,Conversation explicitly raised duration review in fx; status=deferred.,deferred
CL_033,2026-05-07,risk review,equity,EQUITY,review,risk_review,Conversation explicitly raised risk review in equity; status=follow_up.,follow_up
CL_033,2026-06-12,recovery participation,equity,EQUITY,review,recovery_participation,Conversation explicitly raised recovery participation in equity; status=deferred.,deferred
CL_033,2025-08-15,capital preservation,commodity,COMMODITY,review,capital_preservation,Conversation suggested possible interest in capital preservation in commodity; status=declined.,declined
CL_033,2026-03-16,relative value,equity,EQUITY,review,relative_value,Conversation suggested possible interest in relative value in equity; status=follow_up.,follow_up
CL_033,2026-05-01,risk review,equity,EQUITY,review,risk_review,Conversation suggested possible interest in risk review in equity; status=deferred.,deferred
CL_034,2026-06-09,downside hedging,rates,RATES,review,downside_hedging,Conversation suggested possible interest in downside hedging in rates; status=declined.,declined
CL_034,2026-07-18,downside hedging,credit,CREDIT,review,downside_hedging,Conversation explicitly raised downside hedging in credit; status=quoted.,quoted
CL_034,2025-12-29,capital preservation,credit,CREDIT,review,capital_preservation,Conversation explicitly raised capital preservation in credit; status=discussed.,discussed
CL_034,2025-09-24,downside hedging,credit,CREDIT,review,downside_hedging,Conversation suggested possible interest in downside hedging in credit; status=discussed.,discussed
CL_034,2026-07-08,yield lock-in,rates,RATES,review,yield_lock-in,Conversation explicitly raised yield lock-in in rates; status=no_action.,no_action
CL_034,2026-05-02,downside hedging,credit,CREDIT,review,downside_hedging,Conversation explicitly raised downside hedging in credit; status=follow_up.,follow_up
CL_034,2025-12-07,downside hedging,credit,CREDIT,review,downside_hedging,Conversation explicitly raised downside hedging in credit; status=quoted.,quoted
CL_035,2026-09-08,relative value,credit,CREDIT,review,relative_value,Conversation suggested possible interest in relative value in credit; status=quoted.,quoted
CL_035,2026-05-01,risk review,equity,EQUITY,review,risk_review,Conversation suggested possible interest in risk review in equity; status=declined.,declined
CL_035,2026-04-08,fixed-rate hedging,fx,FX,review,fixed-rate_hedging,Conversation explicitly raised fixed-rate hedging in fx; status=follow_up.,follow_up
CL_035,2026-05-10,capital preservation,equity,EQUITY,review,capital_preservation,Conversation suggested possible interest in capital preservation in equity; status=quoted.,quoted
CL_035,2025-10-30,capital preservation,rates,RATES,review,capital_preservation,Conversation explicitly raised capital preservation in rates; status=no_action.,no_action
CL_036,2025-12-10,relative value,commodity,COMMODITY,review,relative_value,Conversation suggested possible interest in relative value in commodity; status=declined.,declined
CL_036,2026-03-03,capital preservation,credit,CREDIT,review,capital_preservation,Conversation suggested possible interest in capital preservation in credit; status=deferred.,deferred
CL_036,2026-06-24,relative value,equity,EQUITY,review,relative_value,Conversation explicitly raised relative value in equity; status=quoted.,quoted
CL_036,2026-03-14,risk review,equity,EQUITY,review,risk_review,Conversation explicitly raised risk review in equity; status=watchlist.,watchlist
CL_036,2025-12-07,risk review,commodity,COMMODITY,review,risk_review,Conversation suggested possible interest in risk review in commodity; status=discussed.,discussed
CL_036,2026-01-31,risk review,rates,RATES,review,risk_review,Conversation suggested possible interest in risk review in rates; status=no_action.,no_action
CL_037,2025-11-03,capital preservation,rates,RATES,review,capital_preservation,Conversation explicitly raised capital preservation in rates; status=declined.,declined
CL_037,2026-07-20,yield enhancement,equity,EQUITY,review,yield_enhancement,Conversation explicitly raised yield enhancement in equity; status=watchlist.,watchlist
CL_037,2025-12-19,yield enhancement,credit,CREDIT,review,yield_enhancement,Conversation suggested possible interest in yield enhancement in credit; status=no_action.,no_action
CL_037,2025-08-19,yield enhancement,equity,EQUITY,review,yield_enhancement,Conversation explicitly raised yield enhancement in equity; status=no_action.,no_action
CL_038,2026-07-31,downside hedging,credit,CREDIT,review,downside_hedging,Conversation explicitly raised downside hedging in credit; status=quoted.,quoted
CL_038,2026-01-03,downside hedging,fx,FX,review,downside_hedging,Conversation suggested possible interest in downside hedging in fx; status=discussed.,discussed
CL_038,2026-02-10,relative value,credit,CREDIT,review,relative_value,Conversation explicitly raised relative value in credit; status=declined.,declined
CL_038,2025-12-12,commodity risk review,commodity,COMMODITY,review,commodity_risk_review,Conversation explicitly raised commodity risk review in commodity; status=no_action.,no_action
CL_038,2026-05-19,yield enhancement,rates,RATES,review,yield_enhancement,Conversation explicitly raised yield enhancement in rates; status=discussed.,discussed
CL_038,2025-10-03,downside hedging,rates,RATES,review,downside_hedging,Conversation explicitly raised downside hedging in rates; status=deferred.,deferred
CL_038,2026-03-01,downside hedging,fx,FX,review,downside_hedging,Conversation suggested possible interest in downside hedging in fx; status=watchlist.,watchlist
CL_038,2026-03-15,commodity risk review,fx,FX,review,commodity_risk_review,Conversation suggested possible interest in commodity risk review in fx; status=discussed.,discussed
CL_039,2026-07-20,corporate fx hedging,fx,FX,review,corporate_fx_hedging,Conversation suggested possible interest in corporate fx hedging in fx; status=quoted.,quoted
CL_039,2026-03-09,corporate fx hedging,fx,FX,review,corporate_fx_hedging,Conversation explicitly raised corporate fx hedging in fx; status=follow_up.,follow_up
CL_039,2026-04-27,corporate fx hedging,rates,RATES,review,corporate_fx_hedging,Conversation suggested possible interest in corporate fx hedging in rates; status=deferred.,deferred
CL_039,2026-05-23,corporate fx hedging,commodity,COMMODITY,review,corporate_fx_hedging,Conversation suggested possible interest in corporate fx hedging in commodity; status=quoted.,quoted
CL_039,2025-09-20,risk review,rates,RATES,review,risk_review,Conversation suggested possible interest in risk review in rates; status=deferred.,deferred
CL_039,2026-09-18,corporate fx hedging,fx,FX,review,corporate_fx_hedging,Conversation explicitly raised corporate fx hedging in fx; status=declined.,declined
CL_039,2025-11-24,corporate fx hedging,fx,FX,review,corporate_fx_hedging,Conversation explicitly raised corporate fx hedging in fx; status=no_action.,no_action
CL_039,2026-02-14,corporate fx hedging,fx,FX,review,corporate_fx_hedging,Conversation explicitly raised corporate fx hedging in fx; status=quoted.,quoted
CL_040,2026-05-30,capital preservation,commodity,COMMODITY,review,capital_preservation,Conversation explicitly raised capital preservation in commodity; status=quoted.,quoted
CL_040,2026-07-15,yield enhancement,commodity,COMMODITY,review,yield_enhancement,Conversation explicitly raised yield enhancement in commodity; status=watchlist.,watchlist
CL_040,2025-12-15,yield enhancement,commodity,COMMODITY,review,yield_enhancement,Conversation explicitly raised yield enhancement in commodity; status=declined.,declined
CL_040,2026-04-03,relative value,commodity,COMMODITY,review,relative_value,Conversation explicitly raised relative value in commodity; status=no_action.,no_action
CL_040,2026-07-12,fixed-rate hedging,commodity,COMMODITY,review,fixed-rate_hedging,Conversation suggested possible interest in fixed-rate hedging in commodity; status=quoted.,quoted
CL_040,2026-04-26,yield enhancement,commodity,COMMODITY,review,yield_enhancement,Conversation explicitly raised yield enhancement in commodity; status=discussed.,discussed
CL_041,2025-12-15,downside hedging,equity,EQUITY,review,downside_hedging,Conversation explicitly raised downside hedging in equity; status=watchlist.,watchlist
CL_041,2025-10-30,downside hedging,rates,RATES,review,downside_hedging,Conversation explicitly raised downside hedging in rates; status=discussed.,discussed
CL_041,2026-06-21,downside hedging,volatility,VOLATILITY,review,downside_hedging,Conversation suggested possible interest in downside hedging in volatility; status=declined.,declined
CL_041,2026-08-20,yield enhancement,volatility,VOLATILITY,review,yield_enhancement,Conversation explicitly raised yield enhancement in volatility; status=no_action.,no_action
CL_041,2026-01-24,downside hedging,rates,RATES,review,downside_hedging,Conversation explicitly raised downside hedging in rates; status=discussed.,discussed
CL_041,2026-06-21,risk review,volatility,VOLATILITY,review,risk_review,Conversation explicitly raised risk review in volatility; status=follow_up.,follow_up
CL_041,2026-05-25,yield enhancement,equity,EQUITY,review,yield_enhancement,Conversation suggested possible interest in yield enhancement in equity; status=deferred.,deferred
CL_042,2026-04-15,relative value,rates,RATES,review,relative_value,Conversation suggested possible interest in relative value in rates; status=declined.,declined
CL_042,2026-04-22,fixed-rate hedging,rates,RATES,review,fixed-rate_hedging,Conversation suggested possible interest in fixed-rate hedging in rates; status=discussed.,discussed
CL_042,2025-09-22,fixed-rate hedging,fx,FX,review,fixed-rate_hedging,Conversation explicitly raised fixed-rate hedging in fx; status=watchlist.,watchlist
CL_042,2026-09-03,duration review,credit,CREDIT,review,duration_review,Conversation explicitly raised duration review in credit; status=quoted.,quoted
CL_042,2025-12-17,relative value,rates,RATES,review,relative_value,Conversation explicitly raised relative value in rates; status=quoted.,quoted
CL_042,2026-06-01,duration review,rates,RATES,review,duration_review,Conversation suggested possible interest in duration review in rates; status=declined.,declined
CL_042,2025-10-11,fixed-rate hedging,credit,CREDIT,review,fixed-rate_hedging,Conversation suggested possible interest in fixed-rate hedging in credit; status=no_action.,no_action
CL_042,2026-02-03,fixed-rate hedging,fx,FX,review,fixed-rate_hedging,Conversation suggested possible interest in fixed-rate hedging in fx; status=quoted.,quoted
CL_043,2026-06-24,risk review,rates,RATES,review,risk_review,Conversation suggested possible interest in risk review in rates; status=discussed.,discussed
CL_043,2026-08-19,risk review,credit,CREDIT,review,risk_review,Conversation explicitly raised risk review in credit; status=deferred.,deferred
CL_043,2025-11-08,downside hedging,credit,CREDIT,review,downside_hedging,Conversation explicitly raised downside hedging in credit; status=quoted.,quoted
CL_043,2026-03-19,downside hedging,equity,EQUITY,review,downside_hedging,Conversation explicitly raised downside hedging in equity; status=deferred.,deferred
CL_043,2025-12-28,downside hedging,credit,CREDIT,review,downside_hedging,Conversation suggested possible interest in downside hedging in credit; status=declined.,declined
CL_043,2025-12-26,risk review,rates,RATES,review,risk_review,Conversation suggested possible interest in risk review in rates; status=follow_up.,follow_up
CL_043,2026-02-18,yield enhancement,credit,CREDIT,review,yield_enhancement,Conversation explicitly raised yield enhancement in credit; status=discussed.,discussed
CL_044,2026-06-20,downside hedging,rates,RATES,review,downside_hedging,Conversation suggested possible interest in downside hedging in rates; status=watchlist.,watchlist
CL_044,2026-08-17,downside hedging,rates,RATES,review,downside_hedging,Conversation explicitly raised downside hedging in rates; status=declined.,declined
CL_044,2025-10-05,downside hedging,rates,RATES,review,downside_hedging,Conversation explicitly raised downside hedging in rates; status=discussed.,discussed
CL_044,2026-03-17,downside hedging,rates,RATES,review,downside_hedging,Conversation explicitly raised downside hedging in rates; status=no_action.,no_action
CL_044,2026-01-14,capital preservation,rates,RATES,review,capital_preservation,Conversation suggested possible interest in capital preservation in rates; status=declined.,declined
CL_045,2026-06-10,relative value,rates,RATES,review,relative_value,Conversation suggested possible interest in relative value in rates; status=discussed.,discussed
CL_045,2025-10-11,risk review,credit,CREDIT,review,risk_review,Conversation explicitly raised risk review in credit; status=follow_up.,follow_up
CL_045,2026-06-12,duration review,equity,EQUITY,review,duration_review,Conversation explicitly raised duration review in equity; status=discussed.,discussed
CL_045,2025-12-12,capital preservation,rates,RATES,review,capital_preservation,Conversation suggested possible interest in capital preservation in rates; status=deferred.,deferred
CL_045,2026-07-17,risk review,rates,RATES,review,risk_review,Conversation explicitly raised risk review in rates; status=discussed.,discussed
CL_046,2026-08-19,risk review,fx,FX,review,risk_review,Conversation suggested possible interest in risk review in fx; status=discussed.,discussed
CL_046,2025-08-21,relative value,commodity,COMMODITY,review,relative_value,Conversation explicitly raised relative value in commodity; status=watchlist.,watchlist
CL_046,2026-03-18,risk review,credit,CREDIT,review,risk_review,Conversation suggested possible interest in risk review in credit; status=follow_up.,follow_up
CL_046,2025-08-14,optional hedge,credit,CREDIT,review,optional_hedge,Conversation explicitly raised optional hedge in credit; status=watchlist.,watchlist
CL_046,2025-09-27,yield enhancement,rates,RATES,review,yield_enhancement,Conversation explicitly raised yield enhancement in rates; status=watchlist.,watchlist
CL_047,2026-09-24,relative value,volatility,VOLATILITY,review,relative_value,Conversation explicitly raised relative value in volatility; status=follow_up.,follow_up
CL_047,2026-07-21,downside hedging,equity,EQUITY,review,downside_hedging,Conversation explicitly raised downside hedging in equity; status=declined.,declined
CL_047,2026-03-02,downside hedging,volatility,VOLATILITY,review,downside_hedging,Conversation explicitly raised downside hedging in volatility; status=declined.,declined
CL_047,2025-11-24,relative value,credit,CREDIT,review,relative_value,Conversation explicitly raised relative value in credit; status=watchlist.,watchlist
CL_048,2025-09-20,yield enhancement,commodity,COMMODITY,review,yield_enhancement,Conversation explicitly raised yield enhancement in commodity; status=declined.,declined
CL_048,2026-03-16,optional hedge,equity,EQUITY,review,optional_hedge,Conversation explicitly raised optional hedge in equity; status=watchlist.,watchlist
CL_048,2026-08-25,optional hedge,fx,FX,review,optional_hedge,Conversation explicitly raised optional hedge in fx; status=watchlist.,watchlist
CL_048,2026-08-18,commodity risk review,fx,FX,review,commodity_risk_review,Conversation suggested possible interest in commodity risk review in fx; status=declined.,declined
CL_049,2026-08-03,yield lock-in,fx,FX,review,yield_lock-in,Conversation suggested possible interest in yield lock-in in fx; status=watchlist.,watchlist
CL_049,2026-03-16,capital preservation,fx,FX,review,capital_preservation,Conversation explicitly raised capital preservation in fx; status=watchlist.,watchlist
CL_049,2025-10-28,yield enhancement,fx,FX,review,yield_enhancement,Conversation suggested possible interest in yield enhancement in fx; status=watchlist.,watchlist
CL_049,2025-10-06,yield lock-in,commodity,COMMODITY,review,yield_lock-in,Conversation suggested possible interest in yield lock-in in commodity; status=deferred.,deferred
CL_049,2026-04-30,relative value,rates,RATES,review,relative_value,Conversation explicitly raised relative value in rates; status=follow_up.,follow_up
CL_049,2026-03-18,yield lock-in,fx,FX,review,yield_lock-in,Conversation suggested possible interest in yield lock-in in fx; status=discussed.,discussed
CL_049,2026-06-16,yield lock-in,rates,RATES,review,yield_lock-in,Conversation explicitly raised yield lock-in in rates; status=follow_up.,follow_up
CL_050,2025-09-29,corporate fx hedging,commodity,COMMODITY,review,corporate_fx_hedging,Conversation suggested possible interest in corporate fx hedging in commodity; status=follow_up.,follow_up
CL_050,2025-08-15,corporate fx hedging,commodity,COMMODITY,review,corporate_fx_hedging,Conversation explicitly raised corporate fx hedging in commodity; status=no_action.,no_action
CL_050,2026-05-20,corporate fx hedging,rates,RATES,review,corporate_fx_hedging,Conversation explicitly raised corporate fx hedging in rates; status=discussed.,discussed
CL_050,2025-11-24,corporate fx hedging,rates,RATES,review,corporate_fx_hedging,Conversation explicitly raised corporate fx hedging in rates; status=declined.,declined
CL_050,2026-03-26,producer/consumer hedging,commodity,COMMODITY,review,producer/consumer_hedging,Conversation explicitly raised producer/consumer hedging in commodity; status=follow_up.,follow_up
CL_050,2025-10-21,producer/consumer hedging,rates,RATES,review,producer/consumer_hedging,Conversation explicitly raised producer/consumer hedging in rates; status=follow_up.,follow_up
CL_050,2025-08-15,producer/consumer hedging,commodity,COMMODITY,review,producer/consumer_hedging,Conversation explicitly raised producer/consumer hedging in commodity; status=watchlist.,watchlist
CL_051,2025-12-15,corporate fx hedging,equity,EQUITY,review,corporate_fx_hedging,Conversation explicitly raised corporate fx hedging in equity; status=watchlist.,watchlist
CL_051,2025-08-27,corporate fx hedging,equity,EQUITY,review,corporate_fx_hedging,Conversation explicitly raised corporate fx hedging in equity; status=discussed.,discussed
CL_051,2026-04-28,corporate fx hedging,volatility,VOLATILITY,review,corporate_fx_hedging,Conversation suggested possible interest in corporate fx hedging in volatility; status=follow_up.,follow_up
CL_051,2026-07-16,corporate fx hedging,equity,EQUITY,review,corporate_fx_hedging,Conversation explicitly raised corporate fx hedging in equity; status=follow_up.,follow_up
CL_051,2026-01-22,corporate fx hedging,equity,EQUITY,review,corporate_fx_hedging,Conversation suggested possible interest in corporate fx hedging in equity; status=no_action.,no_action
CL_051,2026-04-16,corporate fx hedging,credit,CREDIT,review,corporate_fx_hedging,Conversation explicitly raised corporate fx hedging in credit; status=discussed.,discussed
CL_051,2026-04-04,corporate fx hedging,credit,CREDIT,review,corporate_fx_hedging,Conversation explicitly raised corporate fx hedging in credit; status=quoted.,quoted
CL_051,2025-12-18,corporate fx hedging,equity,EQUITY,review,corporate_fx_hedging,Conversation suggested possible interest in corporate fx hedging in equity; status=quoted.,quoted
CL_052,2026-06-23,corporate fx hedging,rates,RATES,review,corporate_fx_hedging,Conversation suggested possible interest in corporate fx hedging in rates; status=discussed.,discussed
CL_052,2026-06-17,corporate fx hedging,rates,RATES,review,corporate_fx_hedging,Conversation suggested possible interest in corporate fx hedging in rates; status=discussed.,discussed
CL_052,2026-06-13,fixed-rate hedging,credit,CREDIT,review,fixed-rate_hedging,Conversation suggested possible interest in fixed-rate hedging in credit; status=discussed.,discussed
CL_052,2025-12-26,corporate fx hedging,fx,FX,review,corporate_fx_hedging,Conversation explicitly raised corporate fx hedging in fx; status=deferred.,deferred
CL_052,2025-10-18,capital preservation,credit,CREDIT,review,capital_preservation,Conversation suggested possible interest in capital preservation in credit; status=deferred.,deferred
CL_053,2026-07-30,recovery participation,commodity,COMMODITY,review,recovery_participation,Conversation suggested possible interest in recovery participation in commodity; status=follow_up.,follow_up
CL_053,2025-08-13,recovery participation,commodity,COMMODITY,review,recovery_participation,Conversation explicitly raised recovery participation in commodity; status=watchlist.,watchlist
CL_053,2026-04-23,recovery participation,commodity,COMMODITY,review,recovery_participation,Conversation explicitly raised recovery participation in commodity; status=declined.,declined
CL_053,2025-11-25,recovery participation,rates,RATES,review,recovery_participation,Conversation explicitly raised recovery participation in rates; status=quoted.,quoted
CL_053,2025-12-25,recovery participation,commodity,COMMODITY,review,recovery_participation,Conversation explicitly raised recovery participation in commodity; status=deferred.,deferred
CL_053,2026-06-23,recovery participation,fx,FX,review,recovery_participation,Conversation explicitly raised recovery participation in fx; status=follow_up.,follow_up
CL_053,2026-09-22,recovery participation,rates,RATES,review,recovery_participation,Conversation explicitly raised recovery participation in rates; status=declined.,declined
CL_053,2026-01-16,recovery participation,rates,RATES,review,recovery_participation,Conversation suggested possible interest in recovery participation in rates; status=no_action.,no_action
CL_054,2026-07-03,duration review,equity,EQUITY,review,duration_review,Conversation explicitly raised duration review in equity; status=watchlist.,watchlist
CL_054,2026-06-03,duration review,equity,EQUITY,review,duration_review,Conversation suggested possible interest in duration review in equity; status=declined.,declined
CL_054,2025-08-30,duration review,equity,EQUITY,review,duration_review,Conversation suggested possible interest in duration review in equity; status=watchlist.,watchlist
CL_054,2026-03-23,duration review,equity,EQUITY,review,duration_review,Conversation explicitly raised duration review in equity; status=declined.,declined
CL_054,2026-02-21,duration review,equity,EQUITY,review,duration_review,Conversation suggested possible interest in duration review in equity; status=follow_up.,follow_up
CL_054,2026-02-08,duration review,equity,EQUITY,review,duration_review,Conversation suggested possible interest in duration review in equity; status=follow_up.,follow_up
CL_054,2025-08-25,yield enhancement,equity,EQUITY,review,yield_enhancement,Conversation suggested possible interest in yield enhancement in equity; status=follow_up.,follow_up
CL_055,2026-07-04,duration review,fx,FX,review,duration_review,Conversation explicitly raised duration review in fx; status=follow_up.,follow_up
CL_055,2026-03-31,duration review,equity,EQUITY,review,duration_review,Conversation explicitly raised duration review in equity; status=no_action.,no_action
CL_055,2025-12-07,duration review,fx,FX,review,duration_review,Conversation suggested possible interest in duration review in fx; status=follow_up.,follow_up
CL_055,2026-08-27,yield enhancement,fx,FX,review,yield_enhancement,Conversation explicitly raised yield enhancement in fx; status=quoted.,quoted
CL_055,2026-04-15,relative value,equity,EQUITY,review,relative_value,Conversation explicitly raised relative value in equity; status=quoted.,quoted
CL_055,2026-05-12,capital preservation,equity,EQUITY,review,capital_preservation,Conversation suggested possible interest in capital preservation in equity; status=discussed.,discussed
CL_055,2025-08-29,capital preservation,equity,EQUITY,review,capital_preservation,Conversation suggested possible interest in capital preservation in equity; status=deferred.,deferred
CL_056,2025-12-03,risk review,rates,RATES,review,risk_review,Conversation suggested possible interest in risk review in rates; status=no_action.,no_action
CL_056,2026-03-27,relative value,credit,CREDIT,review,relative_value,Conversation suggested possible interest in relative value in credit; status=deferred.,deferred
CL_056,2026-01-16,commodity risk review,equity,EQUITY,review,commodity_risk_review,Conversation explicitly raised commodity risk review in equity; status=declined.,declined
CL_056,2025-12-11,capital preservation,fx,FX,review,capital_preservation,Conversation explicitly raised capital preservation in fx; status=discussed.,discussed
CL_056,2025-08-21,risk review,fx,FX,review,risk_review,Conversation explicitly raised risk review in fx; status=follow_up.,follow_up
CL_056,2026-02-05,commodity risk review,credit,CREDIT,review,commodity_risk_review,Conversation suggested possible interest in commodity risk review in credit; status=no_action.,no_action
CL_057,2026-07-07,capital preservation,volatility,VOLATILITY,review,capital_preservation,Conversation explicitly raised capital preservation in volatility; status=no_action.,no_action
CL_057,2026-08-15,recovery participation,volatility,VOLATILITY,review,recovery_participation,Conversation suggested possible interest in recovery participation in volatility; status=deferred.,deferred
CL_057,2025-09-20,recovery participation,equity,EQUITY,review,recovery_participation,Conversation explicitly raised recovery participation in equity; status=no_action.,no_action
CL_057,2026-08-09,option monetization,volatility,VOLATILITY,review,option_monetization,Conversation explicitly raised option monetization in volatility; status=quoted.,quoted
CL_057,2026-01-04,recovery participation,volatility,VOLATILITY,review,recovery_participation,Conversation explicitly raised recovery participation in volatility; status=no_action.,no_action
CL_057,2026-07-27,relative value,credit,CREDIT,review,relative_value,Conversation explicitly raised relative value in credit; status=deferred.,deferred
CL_058,2026-08-12,risk review,credit,CREDIT,review,risk_review,Conversation explicitly raised risk review in credit; status=watchlist.,watchlist
CL_058,2026-04-26,yield enhancement,equity,EQUITY,review,yield_enhancement,Conversation explicitly raised yield enhancement in equity; status=discussed.,discussed
CL_058,2026-09-22,yield enhancement,fx,FX,review,yield_enhancement,Conversation suggested possible interest in yield enhancement in fx; status=watchlist.,watchlist
CL_058,2025-11-09,relative value,rates,RATES,review,relative_value,Conversation explicitly raised relative value in rates; status=no_action.,no_action
CL_058,2026-06-07,yield enhancement,equity,EQUITY,review,yield_enhancement,Conversation explicitly raised yield enhancement in equity; status=follow_up.,follow_up
CL_058,2025-09-18,yield enhancement,commodity,COMMODITY,review,yield_enhancement,Conversation explicitly raised yield enhancement in commodity; status=follow_up.,follow_up
CL_058,2026-05-08,yield enhancement,rates,RATES,review,yield_enhancement,Conversation suggested possible interest in yield enhancement in rates; status=declined.,declined
CL_059,2026-05-04,risk review,rates,RATES,review,risk_review,Conversation explicitly raised risk review in rates; status=watchlist.,watchlist
CL_059,2025-11-20,producer/consumer hedging,fx,FX,review,producer/consumer_hedging,Conversation explicitly raised producer/consumer hedging in fx; status=no_action.,no_action
CL_059,2025-08-16,relative value,fx,FX,review,relative_value,Conversation explicitly raised relative value in fx; status=discussed.,discussed
CL_059,2025-11-04,commodity risk review,fx,FX,review,commodity_risk_review,Conversation explicitly raised commodity risk review in fx; status=watchlist.,watchlist
CL_059,2025-12-09,commodity risk review,fx,FX,review,commodity_risk_review,Conversation explicitly raised commodity risk review in fx; status=follow_up.,follow_up
CL_059,2025-11-30,producer/consumer hedging,commodity,COMMODITY,review,producer/consumer_hedging,Conversation suggested possible interest in producer/consumer hedging in commodity; status=discussed.,discussed
CL_059,2025-08-18,producer/consumer hedging,rates,RATES,review,producer/consumer_hedging,Conversation explicitly raised producer/consumer hedging in rates; status=no_action.,no_action
CL_059,2026-02-26,producer/consumer hedging,commodity,COMMODITY,review,producer/consumer_hedging,Conversation explicitly raised producer/consumer hedging in commodity; status=no_action.,no_action
CL_060,2026-07-10,producer/consumer hedging,commodity,COMMODITY,review,producer/consumer_hedging,Conversation suggested possible interest in producer/consumer hedging in commodity; status=declined.,declined
CL_060,2025-08-09,producer/consumer hedging,rates,RATES,review,producer/consumer_hedging,Conversation suggested possible interest in producer/consumer hedging in rates; status=declined.,declined
CL_060,2025-10-29,corporate fx hedging,rates,RATES,review,corporate_fx_hedging,Conversation explicitly raised corporate fx hedging in rates; status=no_action.,no_action
CL_060,2026-05-27,corporate fx hedging,rates,RATES,review,corporate_fx_hedging,Conversation explicitly raised corporate fx hedging in rates; status=discussed.,discussed
CL_060,2025-11-19,corporate fx hedging,commodity,COMMODITY,review,corporate_fx_hedging,Conversation suggested possible interest in corporate fx hedging in commodity; status=discussed.,discussed
CL_060,2025-10-02,producer/consumer hedging,rates,RATES,review,producer/consumer_hedging,Conversation explicitly raised producer/consumer hedging in rates; status=declined.,declined
CL_060,2025-09-22,producer/consumer hedging,commodity,COMMODITY,review,producer/consumer_hedging,Conversation suggested possible interest in producer/consumer hedging in commodity; status=no_action.,no_action
CL_060,2026-05-12,risk review,commodity,COMMODITY,review,risk_review,Conversation suggested possible interest in risk review in commodity; status=watchlist.,watchlist
