client_id,client_name,client_type,archetype,size_bucket,regions,currencies,asset_classes,objectives,exposures,hedging_needs,risk_profile,derivatives_allowed,allowed_asset_classes,blocked_asset_classes,blocked_regions,blocked_currencies,blocked_themes,adverse_if_up,adverse_if_down,max_event_strength,profile_text
CL_001,Synthetic Large Bank 01,Large Bank,Large Bank,mid,global|europe|us|uk,usd|eur|gbp|jpy,equity|volatility|fx|rates|credit,duration_review,10y|eurusd|us_equity|volatility,duration_review,high,True,equity|volatility|fx|rates|credit,,,,,rates|us10y|us30y,equity,3.04,"Synthetic Large Bank active in equity, volatility, fx, rates, credit with priorities duration_review."
CL_002,Synthetic Regional Bank 02,Regional Bank,Regional Bank,mid,europe|uk,eur|gbp|usd,credit,duration_review|yield_lock-in|corporate_fx_hedging,eur_credit|eur_rates|fx|gbp_rates,duration_review|yield_lock-in|corporate_fx_hedging,medium,True,credit,,,,,,,2.58,"Synthetic Regional Bank active in credit with priorities duration_review, yield_lock-in, corporate_fx_hedging."
CL_003,Synthetic Global Asset Manager 03,Global Asset Manager,Global Asset Manager,mid,global|europe|us|uk|japan,usd|eur|gbp|jpy,fx|rates|commodity|credit|equity,recovery_participation,commodity|credit|duration|eurusd|technology,recovery_participation,high,True,fx|rates|commodity|credit|equity,,,,,rates|us10y|us30y,equity,3.39,"Synthetic Global Asset Manager active in fx, rates, commodity, credit, equity with priorities recovery_participation."
CL_004,Synthetic Pension Fund 04,Pension Fund,Pension Fund,mid,europe|us|uk,eur|usd|gbp,equity|rates,downside_hedging|yield_lock-in|duration_review,duration|europe_equity,downside_hedging|yield_lock-in|duration_review,low,True,equity|rates,,,,,rates|us10y|us30y,equity,2.04,"Synthetic Pension Fund active in equity, rates with priorities downside_hedging, yield_lock-in, duration_review."
CL_005,Synthetic Insurance Company 05,Insurance Company,Insurance Company,mid,europe|us|uk,eur|usd|gbp,fx|credit,fixed-rate_hedging|duration_review,duration|eurusd|fx|investment_grade,fixed-rate_hedging|duration_review,low,True,fx|credit,,,,,,,2.01,"Synthetic Insurance Company active in fx, credit with priorities fixed-rate_hedging, duration_review."
CL_006,Synthetic Macro Hedge Fund 06,Macro Hedge Fund,Macro Hedge Fund,large,global|europe|us|japan,usd|eur|gbp|jpy,rates|credit|commodity|volatility,commodity_risk_review|option_monetization|risk_review,commodity|duration|equity|rates|volatility,commodity_risk_review|option_monetization|risk_review,very_high,True,rates|credit|commodity|volatility,,,,,rates|us10y|us30y,,3.33,"Synthetic Macro Hedge Fund active in rates, credit, commodity, volatility with priorities commodity_risk_review, option_monetization, risk_review."
CL_007,Synthetic Private Bank 07,Private Bank,Private Bank,large,global|europe|us|uk,eur|usd|gbp|chf,commodity|fx|rates|volatility|credit|equity,capital_preservation|option_monetization|recovery_participation,commodity|duration|eurostoxx50|fx|rates|volatility,capital_preservation|option_monetization|recovery_participation,medium,True,commodity|fx|rates|volatility|credit|equity,,,,,rates|us10y|us30y,equity,2.59,"Synthetic Private Bank active in commodity, fx, rates, volatility, credit, equity with priorities capital_preservation, option_monetization, recovery_participation."
CL_008,Synthetic Family Office 08,Family Office,Family Office,large,global|europe|us|uk,eur|usd|gbp|chf,commodity|credit|equity,capital_preservation,commodity|eurostoxx50|oil|rates,capital_preservation,medium,True,commodity|credit|equity,,,,,,equity,2.45,"Synthetic Family Office active in commodity, credit, equity with priorities capital_preservation."
CL_009,Synthetic Large Corporate 09,Large Corporate,Large Corporate,large,global|europe|us|asia,eur|usd|gbp|jpy,commodity|rates,corporate_fx_hedging|yield_lock-in|producer/consumer_hedging,10y|commodity|fx|gold|rates,corporate_fx_hedging|yield_lock-in|producer/consumer_hedging,medium,True,commodity|rates,,,,,rates|us10y|us30y|brent,,2.6,"Synthetic Large Corporate active in commodity, rates with priorities corporate_fx_hedging, yield_lock-in, producer/consumer_hedging."
CL_010,Synthetic Mid-Cap Corporate 10,Mid-Cap Corporate,Mid-Cap Corporate,mid,europe|uk|us,eur|usd|gbp,commodity|rates|fx,corporate_fx_hedging|fixed-rate_hedging|producer/consumer_hedging,commodity|fx|usd_rates|usdjpy,corporate_fx_hedging|fixed-rate_hedging|producer/consumer_hedging,low,True,commodity|rates|fx,,,,,rates|us10y|us30y|brent,,1.94,"Synthetic Mid-Cap Corporate active in commodity, rates, fx with priorities corporate_fx_hedging, fixed-rate_hedging, producer/consumer_hedging."
CL_011,Synthetic Large Bank 11,Large Bank,Large Bank,large,global|europe|us|uk,usd|eur|gbp|jpy,fx|rates|equity|volatility,downside_hedging|yield_enhancement|fixed-rate_hedging,credit|equity|eur_rates|eurostoxx50|rates|usdjpy|volatility,downside_hedging|yield_enhancement|fixed-rate_hedging,high,True,fx|rates|equity|volatility,,,,,rates|us10y|us30y,equity,3.39,"Synthetic Large Bank active in fx, rates, equity, volatility with priorities downside_hedging, yield_enhancement, fixed-rate_hedging."
CL_012,Synthetic Regional Bank 12,Regional Bank,Regional Bank,mid,europe|uk,eur|gbp|usd,credit|rates|fx,yield_lock-in|fixed-rate_hedging,duration|eur_credit|eur_rates|eurusd|fx|gbp_rates,yield_lock-in|fixed-rate_hedging,medium,True,credit|rates|fx,,,,,rates|us10y|us30y,,2.54,"Synthetic Regional Bank active in credit, rates, fx with priorities yield_lock-in, fixed-rate_hedging."
CL_013,Synthetic Global Asset Manager 13,Global Asset Manager,Global Asset Manager,mid,global|europe|us|uk|japan,usd|eur|gbp|jpy,equity|volatility|rates|commodity,duration_review,commodity|duration|europe_equity,duration_review,high,True,equity|volatility|rates|commodity,,,,,rates|us10y|us30y,equity,3.22,"Synthetic Global Asset Manager active in equity, volatility, rates, commodity with priorities duration_review."
CL_014,Synthetic Pension Fund 14,Pension Fund,Pension Fund,large,europe|us|uk,eur|usd|gbp,credit|rates|equity,yield_lock-in|duration_review,duration|sp500,yield_lock-in|duration_review,low,True,credit|rates|equity,,,,,rates|us10y|us30y,equity,1.86,"Synthetic Pension Fund active in credit, rates, equity with priorities yield_lock-in, duration_review."
CL_015,Synthetic Insurance Company 15,Insurance Company,Insurance Company,large,europe|us|uk,eur|usd|gbp,rates|equity|fx|credit,fixed-rate_hedging|duration_review,10y|duration|eurostoxx50|gbpusd|investment_grade,fixed-rate_hedging|duration_review,low,True,rates|equity|fx|credit,,,,,rates|us10y|us30y,equity,1.87,"Synthetic Insurance Company active in rates, equity, fx, credit with priorities fixed-rate_hedging, duration_review."
CL_016,Synthetic Macro Hedge Fund 16,Macro Hedge Fund,Macro Hedge Fund,large,global|europe|us|japan,usd|eur|gbp|jpy,rates|equity|credit|fx|commodity,commodity_risk_review,commodity|equity|eur_rates|europe_equity|fx,commodity_risk_review,very_high,True,rates|equity|credit|fx|commodity,,,,,rates|us10y|us30y,equity,3.39,"Synthetic Macro Hedge Fund active in rates, equity, credit, fx, commodity with priorities commodity_risk_review."
CL_017,Synthetic Private Bank 17,Private Bank,Private Bank,mid,global|europe|us|uk,eur|usd|gbp|chf,equity|rates|credit|commodity|volatility,capital_preservation|downside_hedging,credit|duration|equity|europe_equity|gold|volatility,capital_preservation|downside_hedging,medium,True,equity|rates|credit|commodity|volatility,,,,,rates|us10y|us30y,equity,2.73,"Synthetic Private Bank active in equity, rates, credit, commodity, volatility with priorities capital_preservation, downside_hedging."
CL_018,Synthetic Family Office 18,Family Office,Family Office,mid,global|europe|us|uk,eur|usd|gbp|chf,equity|fx|commodity|credit|rates,optional_hedge|yield_enhancement|capital_preservation,commodity|credit|equity|fx|gbpusd|oil|rates|sp500|usd_rates,optional_hedge|yield_enhancement|capital_preservation,medium,True,equity|fx|commodity|credit|rates,,,,,rates|us10y|us30y,equity,2.47,"Synthetic Family Office active in equity, fx, commodity, credit, rates with priorities optional_hedge, yield_enhancement, capital_preservation."
CL_019,Synthetic Large Corporate 19,Large Corporate,Large Corporate,large,global|europe|us|asia,eur|usd|gbp|jpy,commodity|rates|fx,producer/consumer_hedging,commodity|eur_rates|rates|usdjpy,producer/consumer_hedging,medium,True,commodity|rates|fx,,,,,rates|us10y|us30y|brent,,2.97,"Synthetic Large Corporate active in commodity, rates, fx with priorities producer/consumer_hedging."
CL_020,Synthetic Mid-Cap Corporate 20,Mid-Cap Corporate,Mid-Cap Corporate,mid,europe|uk|us,eur|usd|gbp,fx,producer/consumer_hedging|corporate_fx_hedging,rates|usdjpy,producer/consumer_hedging|corporate_fx_hedging,low,True,fx,,,,,,,2.27,"Synthetic Mid-Cap Corporate active in fx with priorities producer/consumer_hedging, corporate_fx_hedging."
CL_021,Synthetic Large Bank 21,Large Bank,Large Bank,mid,global|europe|us|uk,usd|eur|gbp|jpy,rates|fx|volatility,corporate_fx_hedging,credit|equity|eur_rates|fx|rates|usdjpy|volatility,corporate_fx_hedging,high,True,rates|fx|volatility,,,,,rates|us10y|us30y,,3.36,"Synthetic Large Bank active in rates, fx, volatility with priorities corporate_fx_hedging."
CL_022,Synthetic Regional Bank 22,Regional Bank,Regional Bank,mid,europe|uk,eur|gbp|usd,credit|rates|fx,fixed-rate_hedging|yield_lock-in,10y|eur_credit|fx|gbp_rates|usdjpy,fixed-rate_hedging|yield_lock-in,medium,True,credit|rates|fx,,,,,rates|us10y|us30y,,2.34,"Synthetic Regional Bank active in credit, rates, fx with priorities fixed-rate_hedging, yield_lock-in."
CL_023,Synthetic Global Asset Manager 23,Global Asset Manager,Global Asset Manager,mid,global|europe|us|uk|japan,usd|eur|gbp|jpy,fx|equity|commodity|rates|credit,duration_review|risk_review|optional_hedge,commodity|copper|equity|eur_rates|eurusd|fx|us_equity|volatility,duration_review|risk_review|optional_hedge,high,True,fx|equity|commodity|rates|credit,,,,,rates|us10y|us30y,equity,3.17,"Synthetic Global Asset Manager active in fx, equity, commodity, rates, credit with priorities duration_review, risk_review, optional_hedge."
CL_024,Synthetic Pension Fund 24,Pension Fund,Pension Fund,large,europe|us|uk,eur|usd|gbp,rates,duration_review|capital_preservation,europe_equity|investment_grade|usd_rates,duration_review|capital_preservation,low,True,rates,,,,,rates|us10y|us30y,,2.01,"Synthetic Pension Fund active in rates with priorities duration_review, capital_preservation."
CL_025,Synthetic Insurance Company 25,Insurance Company,Insurance Company,mid,europe|us|uk,eur|usd|gbp,credit|rates|equity,fx_hedging,10y|investment_grade|technology,fx_hedging,low,True,credit|rates|equity,,,,,rates|us10y|us30y,equity,1.91,"Synthetic Insurance Company active in credit, rates, equity with priorities fx_hedging."
CL_026,Synthetic Macro Hedge Fund 26,Macro Hedge Fund,Macro Hedge Fund,mid,global|europe|us|japan,usd|eur|gbp|jpy,equity|credit|volatility|rates|commodity|fx,risk_review|commodity_risk_review,10y|copper|equity|europe_equity|rates|usdjpy,risk_review|commodity_risk_review,very_high,True,equity|credit|volatility|rates|commodity|fx,,,,,rates|us10y|us30y,equity,3.69,"Synthetic Macro Hedge Fund active in equity, credit, volatility, rates, commodity, fx with priorities risk_review, commodity_risk_review."
CL_027,Synthetic Private Bank 27,Private Bank,Private Bank,large,global|europe|us|uk,eur|usd|gbp|chf,fx|volatility|credit|commodity|rates,yield_enhancement,commodity|eurusd|fx|rates|usd_rates|volatility,yield_enhancement,medium,True,fx|volatility|credit|commodity|rates,,,,,rates|us10y|us30y,,2.79,"Synthetic Private Bank active in fx, volatility, credit, commodity, rates with priorities yield_enhancement."
CL_028,Synthetic Family Office 28,Family Office,Family Office,large,global|europe|us|uk,eur|usd|gbp|chf,credit|equity|rates|commodity,capital_preservation|commodity_risk_review,copper|credit|eur_rates|eurostoxx50,capital_preservation|commodity_risk_review,medium,True,credit|equity|rates|commodity,,,,,rates|us10y|us30y,equity,2.33,"Synthetic Family Office active in credit, equity, rates, commodity with priorities capital_preservation, commodity_risk_review."
CL_029,Synthetic Large Corporate 29,Large Corporate,Large Corporate,mid,global|europe|us|asia,eur|usd|gbp|jpy,rates|commodity|fx,producer/consumer_hedging|yield_lock-in|commodity_risk_review,commodity|energy|eur_rates|fx|rates,producer/consumer_hedging|yield_lock-in|commodity_risk_review,medium,True,rates|commodity|fx,,,,,rates|us10y|us30y|brent,,2.85,"Synthetic Large Corporate active in rates, commodity, fx with priorities producer/consumer_hedging, yield_lock-in, commodity_risk_review."
CL_030,Synthetic Mid-Cap Corporate 30,Mid-Cap Corporate,Mid-Cap Corporate,mid,europe|uk|us,eur|usd|gbp,rates|fx,fixed-rate_hedging|corporate_fx_hedging,commodity|energy|eur_rates|fx|rates,fixed-rate_hedging|corporate_fx_hedging,low,True,rates|fx,,,,,rates|us10y|us30y,,2.16,"Synthetic Mid-Cap Corporate active in rates, fx with priorities fixed-rate_hedging, corporate_fx_hedging."
CL_031,Synthetic Large Bank 31,Large Bank,Large Bank,mid,global|europe|us|uk,usd|eur|gbp|jpy,volatility|fx|equity|credit,fixed-rate_hedging|duration_review|downside_hedging,equity|europe_equity|fx|volatility,fixed-rate_hedging|duration_review|downside_hedging,high,True,volatility|fx|equity|credit,,,,,,equity,3.18,"Synthetic Large Bank active in volatility, fx, equity, credit with priorities fixed-rate_hedging, duration_review, downside_hedging."
CL_032,Synthetic Regional Bank 32,Regional Bank,Regional Bank,mid,europe|uk,eur|gbp|usd,credit|rates|fx,corporate_fx_hedging|duration_review,10y|eur_rates|fx|gbpusd,corporate_fx_hedging|duration_review,medium,True,credit|rates|fx,,,,,rates|us10y|us30y,,2.62,"Synthetic Regional Bank active in credit, rates, fx with priorities corporate_fx_hedging, duration_review."
CL_033,Synthetic Global Asset Manager 33,Global Asset Manager,Global Asset Manager,mid,global|europe|us|uk|japan,usd|eur|gbp|jpy,commodity|credit|equity|fx|volatility|rates,risk_review|recovery_participation,10y|commodity|copper|credit|equity|europe_equity|fx|rates|volatility,risk_review|recovery_participation,high,True,commodity|credit|equity|fx|volatility|rates,,,,,rates|us10y|us30y,equity,3.34,"Synthetic Global Asset Manager active in commodity, credit, equity, fx, volatility, rates with priorities risk_review, recovery_participation."
CL_034,Synthetic Pension Fund 34,Pension Fund,Pension Fund,large,europe|us|uk,eur|usd|gbp,credit|rates,capital_preservation|yield_lock-in|downside_hedging,eur_rates|europe_equity,capital_preservation|yield_lock-in|downside_hedging,low,True,credit|rates,,,,,rates|us10y|us30y,,1.83,"Synthetic Pension Fund active in credit, rates with priorities capital_preservation, yield_lock-in, downside_hedging."
CL_035,Synthetic Insurance Company 35,Insurance Company,Insurance Company,large,europe|us|uk,eur|usd|gbp,rates|fx|equity|credit,capital_preservation|fixed-rate_hedging,duration|fx|investment_grade|sp500,capital_preservation|fixed-rate_hedging,low,True,rates|fx|equity|credit,,,,,rates|us10y|us30y,equity,1.82,"Synthetic Insurance Company active in rates, fx, equity, credit with priorities capital_preservation, fixed-rate_hedging."
CL_036,Synthetic Macro Hedge Fund 36,Macro Hedge Fund,Macro Hedge Fund,large,global|europe|us|japan,usd|eur|gbp|jpy,credit|commodity|equity|fx|rates,relative_value|risk_review,commodity|credit|eur_rates|rates|sp500|usdjpy|volatility,relative_value|risk_review,very_high,True,credit|commodity|equity|fx|rates,,,,,rates|us10y|us30y,equity,3.31,"Synthetic Macro Hedge Fund active in credit, commodity, equity, fx, rates with priorities relative_value, risk_review."
CL_037,Synthetic Private Bank 37,Private Bank,Private Bank,mid,global|europe|us|uk,eur|usd|gbp|chf,commodity|credit|rates|volatility|equity,recovery_participation|yield_enhancement|option_monetization,10y|equity|europe_equity|fx|gold|rates|volatility,recovery_participation|yield_enhancement|option_monetization,medium,True,commodity|credit|rates|volatility|equity,,,,,rates|us10y|us30y,equity,2.6,"Synthetic Private Bank active in commodity, credit, rates, volatility, equity with priorities recovery_participation, yield_enhancement, option_monetization."
CL_038,Synthetic Family Office 38,Family Office,Family Office,mid,global|europe|us|uk,eur|usd|gbp|chf,rates|credit|commodity|fx,downside_hedging|commodity_risk_review,commodity|credit|equity|gold|usd_rates|usdjpy,downside_hedging|commodity_risk_review,medium,True,rates|credit|commodity|fx,,,,,rates|us10y|us30y,,2.61,"Synthetic Family Office active in rates, credit, commodity, fx with priorities downside_hedging, commodity_risk_review."
CL_039,Synthetic Large Corporate 39,Large Corporate,Large Corporate,large,global|europe|us|asia,eur|usd|gbp|jpy,fx|commodity|rates,corporate_fx_hedging,10y|eurusd|fx|gold|rates,corporate_fx_hedging,medium,True,fx|commodity|rates,,,,,rates|us10y|us30y|brent,,2.88,"Synthetic Large Corporate active in fx, commodity, rates with priorities corporate_fx_hedging."
CL_040,Synthetic Mid-Cap Corporate 40,Mid-Cap Corporate,Mid-Cap Corporate,large,europe|uk|us,eur|usd|gbp,fx|commodity,fixed-rate_hedging,commodity|fx|usdjpy,fixed-rate_hedging,low,True,fx|commodity,,,,,brent,,2.28,"Synthetic Mid-Cap Corporate active in fx, commodity with priorities fixed-rate_hedging."
CL_041,Synthetic Large Bank 41,Large Bank,Large Bank,large,global|europe|us|uk,usd|eur|gbp|jpy,equity|rates|volatility,fixed-rate_hedging|downside_hedging|yield_enhancement,10y|eurostoxx50|fx,fixed-rate_hedging|downside_hedging|yield_enhancement,high,True,equity|rates|volatility,,,,,rates|us10y|us30y,equity,3.03,"Synthetic Large Bank active in equity, rates, volatility with priorities fixed-rate_hedging, downside_hedging, yield_enhancement."
CL_042,Synthetic Regional Bank 42,Regional Bank,Regional Bank,large,europe|uk,eur|gbp|usd,fx|rates|credit,duration_review|fixed-rate_hedging,10y|eur_credit|eur_rates|fx|gbpusd,duration_review|fixed-rate_hedging,medium,True,fx|rates|credit,,,,,rates|us10y|us30y,,2.55,"Synthetic Regional Bank active in fx, rates, credit with priorities duration_review, fixed-rate_hedging."
CL_043,Synthetic Global Asset Manager 43,Global Asset Manager,Global Asset Manager,large,global|europe|us|uk|japan,usd|eur|gbp|jpy,credit|volatility|commodity|fx|rates|equity,downside_hedging,10y|eurostoxx50|fx|oil|rates|usdjpy|volatility,downside_hedging,high,True,credit|volatility|commodity|fx|rates|equity,,,,,rates|us10y|us30y,equity,3.34,"Synthetic Global Asset Manager active in credit, volatility, commodity, fx, rates, equity with priorities downside_hedging."
CL_044,Synthetic Pension Fund 44,Pension Fund,Pension Fund,mid,europe|us|uk,eur|usd|gbp,rates,downside_hedging,europe_equity|investment_grade|us_equity|usd_rates,downside_hedging,low,True,rates,,,,,rates|us10y|us30y,,1.73,Synthetic Pension Fund active in rates with priorities downside_hedging.
CL_045,Synthetic Insurance Company 45,Insurance Company,Insurance Company,large,europe|us|uk,eur|usd|gbp,fx|credit|rates|equity,fx_hedging|capital_preservation|duration_review,10y|europe_equity|fx|gbpusd,fx_hedging|capital_preservation|duration_review,low,True,fx|credit|rates|equity,,,,,rates|us10y|us30y,equity,2.07,"Synthetic Insurance Company active in fx, credit, rates, equity with priorities fx_hedging, capital_preservation, duration_review."
CL_046,Synthetic Macro Hedge Fund 46,Macro Hedge Fund,Macro Hedge Fund,mid,global|europe|us|japan,usd|eur|gbp|jpy,credit|commodity|fx|rates|volatility,optional_hedge|risk_review,equity|eur_rates|fx|oil|rates|usdjpy,optional_hedge|risk_review,very_high,True,credit|commodity|fx|rates|volatility,,,,,rates|us10y|us30y,,3.38,"Synthetic Macro Hedge Fund active in credit, commodity, fx, rates, volatility with priorities optional_hedge, risk_review."
CL_047,Synthetic Private Bank 47,Private Bank,Private Bank,mid,global|europe|us|uk,eur|usd|gbp|chf,credit|fx|volatility|equity|commodity|rates,downside_hedging,equity|eur_rates|eurostoxx50|fx|oil|usdjpy,downside_hedging,medium,True,credit|fx|volatility|equity|commodity|rates,,,,,rates|us10y|us30y,equity,2.72,"Synthetic Private Bank active in credit, fx, volatility, equity, commodity, rates with priorities downside_hedging."
CL_048,Synthetic Family Office 48,Family Office,Family Office,large,global|europe|us|uk,eur|usd|gbp|chf,rates|credit|equity|fx|commodity,commodity_risk_review|optional_hedge,commodity|credit|equity|eurusd|rates|sp500|usd_rates,commodity_risk_review|optional_hedge,medium,True,rates|credit|equity|fx|commodity,,,,,rates|us10y|us30y,equity,2.33,"Synthetic Family Office active in rates, credit, equity, fx, commodity with priorities commodity_risk_review, optional_hedge."
CL_049,Synthetic Large Corporate 49,Large Corporate,Large Corporate,large,global|europe|us|asia,eur|usd|gbp|jpy,commodity|fx|rates,yield_lock-in,10y|commodity|energy|fx|gbpusd,yield_lock-in,medium,True,commodity|fx|rates,,,,,rates|us10y|us30y|brent,,2.96,"Synthetic Large Corporate active in commodity, fx, rates with priorities yield_lock-in."
CL_050,Synthetic Mid-Cap Corporate 50,Mid-Cap Corporate,Mid-Cap Corporate,mid,europe|uk|us,eur|usd|gbp,commodity|rates,producer/consumer_hedging|corporate_fx_hedging,copper|eur_rates|rates,producer/consumer_hedging|corporate_fx_hedging,low,True,commodity|rates,,,,,rates|us10y|us30y|brent,,1.96,"Synthetic Mid-Cap Corporate active in commodity, rates with priorities producer/consumer_hedging, corporate_fx_hedging."
CL_051,Synthetic Large Bank 51,Large Bank,Large Bank,large,global|europe|us|uk,usd|eur|gbp|jpy,volatility|equity|credit,corporate_fx_hedging,credit|equity|europe_equity|rates|volatility,corporate_fx_hedging,high,True,volatility|equity|credit,,,,,,equity,3.28,"Synthetic Large Bank active in volatility, equity, credit with priorities corporate_fx_hedging."
CL_052,Synthetic Regional Bank 52,Regional Bank,Regional Bank,mid,europe|uk,eur|gbp|usd,fx|rates|credit,fixed-rate_hedging|corporate_fx_hedging,eur_rates|gbp_rates|usdjpy,fixed-rate_hedging|corporate_fx_hedging,medium,True,fx|rates|credit,,,,,rates|us10y|us30y,,2.33,"Synthetic Regional Bank active in fx, rates, credit with priorities fixed-rate_hedging, corporate_fx_hedging."
CL_053,Synthetic Global Asset Manager 53,Global Asset Manager,Global Asset Manager,large,global|europe|us|uk|japan,usd|eur|gbp|jpy,fx|commodity|volatility|rates,recovery_participation,commodity|credit|equity|eurusd|fx|rates|usd_rates|volatility,recovery_participation,high,True,fx|commodity|volatility|rates,,,,,rates|us10y|us30y,,3.24,"Synthetic Global Asset Manager active in fx, commodity, volatility, rates with priorities recovery_participation."
CL_054,Synthetic Pension Fund 54,Pension Fund,Pension Fund,large,europe|us|uk,eur|usd|gbp,equity,duration_review,duration|eurostoxx50|investment_grade|us_equity,duration_review,low,True,equity,,,,,,equity,2.07,Synthetic Pension Fund active in equity with priorities duration_review.
CL_055,Synthetic Insurance Company 55,Insurance Company,Insurance Company,large,europe|us|uk,eur|usd|gbp,fx|equity,duration_review|capital_preservation,equity|fx|gbpusd|investment_grade|us_equity,duration_review|capital_preservation,low,True,fx|equity,,,,,,equity,1.96,"Synthetic Insurance Company active in fx, equity with priorities duration_review, capital_preservation."
CL_056,Synthetic Macro Hedge Fund 56,Macro Hedge Fund,Macro Hedge Fund,mid,global|europe|us|japan,usd|eur|gbp|jpy,fx|credit|equity|rates|commodity,risk_review|commodity_risk_review,commodity|credit|eurostoxx50|fx|usd_rates,risk_review|commodity_risk_review,very_high,True,fx|credit|equity|rates|commodity,,,,,rates|us10y|us30y,equity,3.38,"Synthetic Macro Hedge Fund active in fx, credit, equity, rates, commodity with priorities risk_review, commodity_risk_review."
CL_057,Synthetic Private Bank 57,Private Bank,Private Bank,large,global|europe|us|uk,eur|usd|gbp|chf,volatility|credit|commodity|equity|fx,recovery_participation|option_monetization,credit|equity|gbpusd|gold|us_equity,recovery_participation|option_monetization,medium,True,volatility|credit|commodity|equity|fx,,,,,,equity,2.72,"Synthetic Private Bank active in volatility, credit, commodity, equity, fx with priorities recovery_participation, option_monetization."
CL_058,Synthetic Family Office 58,Family Office,Family Office,large,global|europe|us|uk,eur|usd|gbp|chf,credit|equity|commodity|fx|rates,yield_enhancement,commodity|credit|eur_rates|fx|gold|rates|sp500,yield_enhancement,medium,True,credit|equity|commodity|fx|rates,,,,,rates|us10y|us30y,equity,2.38,"Synthetic Family Office active in credit, equity, commodity, fx, rates with priorities yield_enhancement."
CL_059,Synthetic Large Corporate 59,Large Corporate,Large Corporate,large,global|europe|us|asia,eur|usd|gbp|jpy,commodity|fx|rates,commodity_risk_review|producer/consumer_hedging,10y|commodity|fx|gbpusd|rates,commodity_risk_review|producer/consumer_hedging,medium,True,commodity|fx|rates,,,,,rates|us10y|us30y|brent,,2.74,"Synthetic Large Corporate active in commodity, fx, rates with priorities commodity_risk_review, producer/consumer_hedging."
CL_060,Synthetic Mid-Cap Corporate 60,Mid-Cap Corporate,Mid-Cap Corporate,mid,europe|uk|us,eur|usd|gbp,commodity|rates|fx,corporate_fx_hedging|producer/consumer_hedging,10y|commodity|energy|fx|rates,corporate_fx_hedging|producer/consumer_hedging,low,True,commodity|rates|fx,,,,,rates|us10y|us30y|brent,,2.1,"Synthetic Mid-Cap Corporate active in commodity, rates, fx with priorities corporate_fx_hedging, producer/consumer_hedging."
