event_id,client_id,relevance_grade,label_source
TR_0001,CL_001,0,synthetic_training_benchmark
TR_0001,CL_002,0,synthetic_training_benchmark
TR_0001,CL_003,0,synthetic_training_benchmark
TR_0001,CL_004,1,synthetic_training_benchmark
TR_0001,CL_005,0,synthetic_training_benchmark
TR_0001,CL_006,0,synthetic_training_benchmark
TR_0001,CL_007,0,synthetic_training_benchmark
TR_0001,CL_008,0,synthetic_training_benchmark
TR_0001,CL_009,0,synthetic_training_benchmark
TR_0001,CL_010,0,synthetic_training_benchmark
TR_0001,CL_011,1,synthetic_training_benchmark
TR_0001,CL_012,0,synthetic_training_benchmark
TR_0001,CL_013,0,synthetic_training_benchmark
TR_0001,CL_014,1,synthetic_training_benchmark
TR_0001,CL_015,0,synthetic_training_benchmark
TR_0001,CL_016,0,synthetic_training_benchmark
TR_0001,CL_017,1,synthetic_training_benchmark
TR_0001,CL_018,0,synthetic_training_benchmark
TR_0001,CL_019,0,synthetic_training_benchmark
TR_0001,CL_020,0,synthetic_training_benchmark
TR_0001,CL_021,0,synthetic_training_benchmark
TR_0001,CL_022,0,synthetic_training_benchmark
TR_0001,CL_023,2,synthetic_training_benchmark
TR_0001,CL_024,0,synthetic_training_benchmark
TR_0001,CL_025,0,synthetic_training_benchmark
TR_0001,CL_026,1,synthetic_training_benchmark
TR_0001,CL_027,0,synthetic_training_benchmark
TR_0001,CL_028,0,synthetic_training_benchmark
TR_0001,CL_029,0,synthetic_training_benchmark
TR_0001,CL_030,0,synthetic_training_benchmark
TR_0001,CL_031,1,synthetic_training_benchmark
TR_0001,CL_032,0,synthetic_training_benchmark
TR_0001,CL_033,2,synthetic_training_benchmark
TR_0001,CL_034,0,synthetic_training_benchmark
TR_0001,CL_035,0,synthetic_training_benchmark
TR_0001,CL_036,2,synthetic_training_benchmark
TR_0001,CL_037,0,synthetic_training_benchmark
TR_0001,CL_038,0,synthetic_training_benchmark
TR_0001,CL_039,0,synthetic_training_benchmark
TR_0001,CL_040,0,synthetic_training_benchmark
TR_0001,CL_041,1,synthetic_training_benchmark
TR_0001,CL_042,0,synthetic_training_benchmark
TR_0001,CL_043,2,synthetic_training_benchmark
TR_0001,CL_044,0,synthetic_training_benchmark
TR_0001,CL_045,0,synthetic_training_benchmark
TR_0001,CL_046,0,synthetic_training_benchmark
TR_0001,CL_047,2,synthetic_training_benchmark
TR_0001,CL_048,1,synthetic_training_benchmark
TR_0001,CL_049,0,synthetic_training_benchmark
TR_0001,CL_050,0,synthetic_training_benchmark
TR_0001,CL_051,0,synthetic_training_benchmark
TR_0001,CL_052,0,synthetic_training_benchmark
TR_0001,CL_053,0,synthetic_training_benchmark
TR_0001,CL_054,0,synthetic_training_benchmark
TR_0001,CL_055,0,synthetic_training_benchmark
TR_0001,CL_056,1,synthetic_training_benchmark
TR_0001,CL_057,0,synthetic_training_benchmark
TR_0001,CL_058,0,synthetic_training_benchmark
TR_0001,CL_059,0,synthetic_training_benchmark
TR_0001,CL_060,0,synthetic_training_benchmark
TR_0002,CL_001,0,synthetic_training_benchmark
TR_0002,CL_002,0,synthetic_training_benchmark
TR_0002,CL_003,0,synthetic_training_benchmark
TR_0002,CL_004,1,synthetic_training_benchmark
TR_0002,CL_005,0,synthetic_training_benchmark
TR_0002,CL_006,0,synthetic_training_benchmark
TR_0002,CL_007,0,synthetic_training_benchmark
TR_0002,CL_008,0,synthetic_training_benchmark
TR_0002,CL_009,0,synthetic_training_benchmark
TR_0002,CL_010,0,synthetic_training_benchmark
TR_0002,CL_011,1,synthetic_training_benchmark
TR_0002,CL_012,0,synthetic_training_benchmark
TR_0002,CL_013,1,synthetic_training_benchmark
TR_0002,CL_014,0,synthetic_training_benchmark
TR_0002,CL_015,0,synthetic_training_benchmark
TR_0002,CL_016,1,synthetic_training_benchmark
TR_0002,CL_017,1,synthetic_training_benchmark
TR_0002,CL_018,0,synthetic_training_benchmark
TR_0002,CL_019,0,synthetic_training_benchmark
TR_0002,CL_020,0,synthetic_training_benchmark
TR_0002,CL_021,0,synthetic_training_benchmark
TR_0002,CL_022,0,synthetic_training_benchmark
TR_0002,CL_023,1,synthetic_training_benchmark
TR_0002,CL_024,0,synthetic_training_benchmark
TR_0002,CL_025,0,synthetic_training_benchmark
TR_0002,CL_026,2,synthetic_training_benchmark
TR_0002,CL_027,0,synthetic_training_benchmark
TR_0002,CL_028,0,synthetic_training_benchmark
TR_0002,CL_029,0,synthetic_training_benchmark
TR_0002,CL_030,0,synthetic_training_benchmark
TR_0002,CL_031,2,synthetic_training_benchmark
TR_0002,CL_032,0,synthetic_training_benchmark
TR_0002,CL_033,2,synthetic_training_benchmark
TR_0002,CL_034,0,synthetic_training_benchmark
TR_0002,CL_035,0,synthetic_training_benchmark
TR_0002,CL_036,1,synthetic_training_benchmark
TR_0002,CL_037,0,synthetic_training_benchmark
TR_0002,CL_038,0,synthetic_training_benchmark
TR_0002,CL_039,0,synthetic_training_benchmark
TR_0002,CL_040,0,synthetic_training_benchmark
TR_0002,CL_041,1,synthetic_training_benchmark
TR_0002,CL_042,0,synthetic_training_benchmark
TR_0002,CL_043,2,synthetic_training_benchmark
TR_0002,CL_044,0,synthetic_training_benchmark
TR_0002,CL_045,0,synthetic_training_benchmark
TR_0002,CL_046,0,synthetic_training_benchmark
TR_0002,CL_047,2,synthetic_training_benchmark
TR_0002,CL_048,0,synthetic_training_benchmark
TR_0002,CL_049,0,synthetic_training_benchmark
TR_0002,CL_050,0,synthetic_training_benchmark
TR_0002,CL_051,0,synthetic_training_benchmark
TR_0002,CL_052,0,synthetic_training_benchmark
TR_0002,CL_053,0,synthetic_training_benchmark
TR_0002,CL_054,0,synthetic_training_benchmark
TR_0002,CL_055,0,synthetic_training_benchmark
TR_0002,CL_056,1,synthetic_training_benchmark
TR_0002,CL_057,0,synthetic_training_benchmark
TR_0002,CL_058,0,synthetic_training_benchmark
TR_0002,CL_059,0,synthetic_training_benchmark
TR_0002,CL_060,0,synthetic_training_benchmark
TR_0003,CL_001,2,synthetic_training_benchmark
TR_0003,CL_002,0,synthetic_training_benchmark
TR_0003,CL_003,0,synthetic_training_benchmark
TR_0003,CL_004,1,synthetic_training_benchmark
TR_0003,CL_005,0,synthetic_training_benchmark
TR_0003,CL_006,0,synthetic_training_benchmark
TR_0003,CL_007,0,synthetic_training_benchmark
TR_0003,CL_008,0,synthetic_training_benchmark
TR_0003,CL_009,0,synthetic_training_benchmark
TR_0003,CL_010,1,synthetic_training_benchmark
TR_0003,CL_011,2,synthetic_training_benchmark
TR_0003,CL_012,1,synthetic_training_benchmark
TR_0003,CL_013,2,synthetic_training_benchmark
TR_0003,CL_014,1,synthetic_training_benchmark
TR_0003,CL_015,2,synthetic_training_benchmark
TR_0003,CL_016,0,synthetic_training_benchmark
TR_0003,CL_017,0,synthetic_training_benchmark
TR_0003,CL_018,0,synthetic_training_benchmark
TR_0003,CL_019,0,synthetic_training_benchmark
TR_0003,CL_020,0,synthetic_training_benchmark
TR_0003,CL_021,1,synthetic_training_benchmark
TR_0003,CL_022,1,synthetic_training_benchmark
TR_0003,CL_023,1,synthetic_training_benchmark
TR_0003,CL_024,1,synthetic_training_benchmark
TR_0003,CL_025,1,synthetic_training_benchmark
TR_0003,CL_026,0,synthetic_training_benchmark
TR_0003,CL_027,0,synthetic_training_benchmark
TR_0003,CL_028,0,synthetic_training_benchmark
TR_0003,CL_029,0,synthetic_training_benchmark
TR_0003,CL_030,1,synthetic_training_benchmark
TR_0003,CL_031,0,synthetic_training_benchmark
TR_0003,CL_032,1,synthetic_training_benchmark
TR_0003,CL_033,0,synthetic_training_benchmark
TR_0003,CL_034,0,synthetic_training_benchmark
TR_0003,CL_035,2,synthetic_training_benchmark
TR_0003,CL_036,0,synthetic_training_benchmark
TR_0003,CL_037,0,synthetic_training_benchmark
TR_0003,CL_038,0,synthetic_training_benchmark
TR_0003,CL_039,0,synthetic_training_benchmark
TR_0003,CL_040,0,synthetic_training_benchmark
TR_0003,CL_041,2,synthetic_training_benchmark
TR_0003,CL_042,2,synthetic_training_benchmark
TR_0003,CL_043,0,synthetic_training_benchmark
TR_0003,CL_044,0,synthetic_training_benchmark
TR_0003,CL_045,2,synthetic_training_benchmark
TR_0003,CL_046,0,synthetic_training_benchmark
TR_0003,CL_047,0,synthetic_training_benchmark
TR_0003,CL_048,0,synthetic_training_benchmark
TR_0003,CL_049,0,synthetic_training_benchmark
TR_0003,CL_050,0,synthetic_training_benchmark
TR_0003,CL_051,0,synthetic_training_benchmark
TR_0003,CL_052,1,synthetic_training_benchmark
TR_0003,CL_053,0,synthetic_training_benchmark
TR_0003,CL_054,0,synthetic_training_benchmark
TR_0003,CL_055,0,synthetic_training_benchmark
TR_0003,CL_056,0,synthetic_training_benchmark
TR_0003,CL_057,0,synthetic_training_benchmark
TR_0003,CL_058,0,synthetic_training_benchmark
TR_0003,CL_059,1,synthetic_training_benchmark
TR_0003,CL_060,1,synthetic_training_benchmark
TR_0004,CL_001,1,synthetic_training_benchmark
TR_0004,CL_002,0,synthetic_training_benchmark
TR_0004,CL_003,0,synthetic_training_benchmark
TR_0004,CL_004,0,synthetic_training_benchmark
TR_0004,CL_005,1,synthetic_training_benchmark
TR_0004,CL_006,0,synthetic_training_benchmark
TR_0004,CL_007,0,synthetic_training_benchmark
TR_0004,CL_008,0,synthetic_training_benchmark
TR_0004,CL_009,0,synthetic_training_benchmark
TR_0004,CL_010,0,synthetic_training_benchmark
TR_0004,CL_011,0,synthetic_training_benchmark
TR_0004,CL_012,1,synthetic_training_benchmark
TR_0004,CL_013,0,synthetic_training_benchmark
TR_0004,CL_014,0,synthetic_training_benchmark
TR_0004,CL_015,0,synthetic_training_benchmark
TR_0004,CL_016,0,synthetic_training_benchmark
TR_0004,CL_017,0,synthetic_training_benchmark
TR_0004,CL_018,0,synthetic_training_benchmark
TR_0004,CL_019,0,synthetic_training_benchmark
TR_0004,CL_020,2,synthetic_training_benchmark
TR_0004,CL_021,2,synthetic_training_benchmark
TR_0004,CL_022,1,synthetic_training_benchmark
TR_0004,CL_023,0,synthetic_training_benchmark
TR_0004,CL_024,0,synthetic_training_benchmark
TR_0004,CL_025,0,synthetic_training_benchmark
TR_0004,CL_026,0,synthetic_training_benchmark
TR_0004,CL_027,0,synthetic_training_benchmark
TR_0004,CL_028,0,synthetic_training_benchmark
TR_0004,CL_029,1,synthetic_training_benchmark
TR_0004,CL_030,2,synthetic_training_benchmark
TR_0004,CL_031,1,synthetic_training_benchmark
TR_0004,CL_032,2,synthetic_training_benchmark
TR_0004,CL_033,0,synthetic_training_benchmark
TR_0004,CL_034,0,synthetic_training_benchmark
TR_0004,CL_035,0,synthetic_training_benchmark
TR_0004,CL_036,0,synthetic_training_benchmark
TR_0004,CL_037,0,synthetic_training_benchmark
TR_0004,CL_038,0,synthetic_training_benchmark
TR_0004,CL_039,2,synthetic_training_benchmark
TR_0004,CL_040,1,synthetic_training_benchmark
TR_0004,CL_041,0,synthetic_training_benchmark
TR_0004,CL_042,1,synthetic_training_benchmark
TR_0004,CL_043,0,synthetic_training_benchmark
TR_0004,CL_044,0,synthetic_training_benchmark
TR_0004,CL_045,0,synthetic_training_benchmark
TR_0004,CL_046,0,synthetic_training_benchmark
TR_0004,CL_047,0,synthetic_training_benchmark
TR_0004,CL_048,0,synthetic_training_benchmark
TR_0004,CL_049,1,synthetic_training_benchmark
TR_0004,CL_050,0,synthetic_training_benchmark
TR_0004,CL_051,0,synthetic_training_benchmark
TR_0004,CL_052,1,synthetic_training_benchmark
TR_0004,CL_053,0,synthetic_training_benchmark
TR_0004,CL_054,0,synthetic_training_benchmark
TR_0004,CL_055,0,synthetic_training_benchmark
TR_0004,CL_056,0,synthetic_training_benchmark
TR_0004,CL_057,0,synthetic_training_benchmark
TR_0004,CL_058,0,synthetic_training_benchmark
TR_0004,CL_059,1,synthetic_training_benchmark
TR_0004,CL_060,2,synthetic_training_benchmark
TR_0005,CL_001,0,synthetic_training_benchmark
TR_0005,CL_002,0,synthetic_training_benchmark
TR_0005,CL_003,0,synthetic_training_benchmark
TR_0005,CL_004,0,synthetic_training_benchmark
TR_0005,CL_005,0,synthetic_training_benchmark
TR_0005,CL_006,0,synthetic_training_benchmark
TR_0005,CL_007,0,synthetic_training_benchmark
TR_0005,CL_008,0,synthetic_training_benchmark
TR_0005,CL_009,0,synthetic_training_benchmark
TR_0005,CL_010,0,synthetic_training_benchmark
TR_0005,CL_011,1,synthetic_training_benchmark
TR_0005,CL_012,0,synthetic_training_benchmark
TR_0005,CL_013,0,synthetic_training_benchmark
TR_0005,CL_014,0,synthetic_training_benchmark
TR_0005,CL_015,0,synthetic_training_benchmark
TR_0005,CL_016,0,synthetic_training_benchmark
TR_0005,CL_017,0,synthetic_training_benchmark
TR_0005,CL_018,0,synthetic_training_benchmark
TR_0005,CL_019,1,synthetic_training_benchmark
TR_0005,CL_020,2,synthetic_training_benchmark
TR_0005,CL_021,2,synthetic_training_benchmark
TR_0005,CL_022,0,synthetic_training_benchmark
TR_0005,CL_023,0,synthetic_training_benchmark
TR_0005,CL_024,0,synthetic_training_benchmark
TR_0005,CL_025,0,synthetic_training_benchmark
TR_0005,CL_026,0,synthetic_training_benchmark
TR_0005,CL_027,0,synthetic_training_benchmark
TR_0005,CL_028,0,synthetic_training_benchmark
TR_0005,CL_029,1,synthetic_training_benchmark
TR_0005,CL_030,0,synthetic_training_benchmark
TR_0005,CL_031,1,synthetic_training_benchmark
TR_0005,CL_032,2,synthetic_training_benchmark
TR_0005,CL_033,0,synthetic_training_benchmark
TR_0005,CL_034,0,synthetic_training_benchmark
TR_0005,CL_035,0,synthetic_training_benchmark
TR_0005,CL_036,0,synthetic_training_benchmark
TR_0005,CL_037,0,synthetic_training_benchmark
TR_0005,CL_038,0,synthetic_training_benchmark
TR_0005,CL_039,2,synthetic_training_benchmark
TR_0005,CL_040,2,synthetic_training_benchmark
TR_0005,CL_041,0,synthetic_training_benchmark
TR_0005,CL_042,0,synthetic_training_benchmark
TR_0005,CL_043,1,synthetic_training_benchmark
TR_0005,CL_044,0,synthetic_training_benchmark
TR_0005,CL_045,0,synthetic_training_benchmark
TR_0005,CL_046,1,synthetic_training_benchmark
TR_0005,CL_047,0,synthetic_training_benchmark
TR_0005,CL_048,0,synthetic_training_benchmark
TR_0005,CL_049,1,synthetic_training_benchmark
TR_0005,CL_050,0,synthetic_training_benchmark
TR_0005,CL_051,0,synthetic_training_benchmark
TR_0005,CL_052,1,synthetic_training_benchmark
TR_0005,CL_053,0,synthetic_training_benchmark
TR_0005,CL_054,0,synthetic_training_benchmark
TR_0005,CL_055,0,synthetic_training_benchmark
TR_0005,CL_056,0,synthetic_training_benchmark
TR_0005,CL_057,0,synthetic_training_benchmark
TR_0005,CL_058,0,synthetic_training_benchmark
TR_0005,CL_059,1,synthetic_training_benchmark
TR_0005,CL_060,0,synthetic_training_benchmark
TR_0006,CL_001,0,synthetic_training_benchmark
TR_0006,CL_002,0,synthetic_training_benchmark
TR_0006,CL_003,0,synthetic_training_benchmark
TR_0006,CL_004,0,synthetic_training_benchmark
TR_0006,CL_005,0,synthetic_training_benchmark
TR_0006,CL_006,1,synthetic_training_benchmark
TR_0006,CL_007,0,synthetic_training_benchmark
TR_0006,CL_008,0,synthetic_training_benchmark
TR_0006,CL_009,1,synthetic_training_benchmark
TR_0006,CL_010,0,synthetic_training_benchmark
TR_0006,CL_011,0,synthetic_training_benchmark
TR_0006,CL_012,0,synthetic_training_benchmark
TR_0006,CL_013,0,synthetic_training_benchmark
TR_0006,CL_014,0,synthetic_training_benchmark
TR_0006,CL_015,0,synthetic_training_benchmark
TR_0006,CL_016,1,synthetic_training_benchmark
TR_0006,CL_017,0,synthetic_training_benchmark
TR_0006,CL_018,0,synthetic_training_benchmark
TR_0006,CL_019,2,synthetic_training_benchmark
TR_0006,CL_020,0,synthetic_training_benchmark
TR_0006,CL_021,0,synthetic_training_benchmark
TR_0006,CL_022,0,synthetic_training_benchmark
TR_0006,CL_023,0,synthetic_training_benchmark
TR_0006,CL_024,0,synthetic_training_benchmark
TR_0006,CL_025,0,synthetic_training_benchmark
TR_0006,CL_026,1,synthetic_training_benchmark
TR_0006,CL_027,0,synthetic_training_benchmark
TR_0006,CL_028,0,synthetic_training_benchmark
TR_0006,CL_029,2,synthetic_training_benchmark
TR_0006,CL_030,0,synthetic_training_benchmark
TR_0006,CL_031,0,synthetic_training_benchmark
TR_0006,CL_032,0,synthetic_training_benchmark
TR_0006,CL_033,0,synthetic_training_benchmark
TR_0006,CL_034,0,synthetic_training_benchmark
TR_0006,CL_035,0,synthetic_training_benchmark
TR_0006,CL_036,0,synthetic_training_benchmark
TR_0006,CL_037,0,synthetic_training_benchmark
TR_0006,CL_038,1,synthetic_training_benchmark
TR_0006,CL_039,1,synthetic_training_benchmark
TR_0006,CL_040,0,synthetic_training_benchmark
TR_0006,CL_041,0,synthetic_training_benchmark
TR_0006,CL_042,0,synthetic_training_benchmark
TR_0006,CL_043,0,synthetic_training_benchmark
TR_0006,CL_044,0,synthetic_training_benchmark
TR_0006,CL_045,0,synthetic_training_benchmark
TR_0006,CL_046,0,synthetic_training_benchmark
TR_0006,CL_047,0,synthetic_training_benchmark
TR_0006,CL_048,0,synthetic_training_benchmark
TR_0006,CL_049,2,synthetic_training_benchmark
TR_0006,CL_050,0,synthetic_training_benchmark
TR_0006,CL_051,0,synthetic_training_benchmark
TR_0006,CL_052,0,synthetic_training_benchmark
TR_0006,CL_053,0,synthetic_training_benchmark
TR_0006,CL_054,0,synthetic_training_benchmark
TR_0006,CL_055,0,synthetic_training_benchmark
TR_0006,CL_056,1,synthetic_training_benchmark
TR_0006,CL_057,0,synthetic_training_benchmark
TR_0006,CL_058,0,synthetic_training_benchmark
TR_0006,CL_059,2,synthetic_training_benchmark
TR_0006,CL_060,0,synthetic_training_benchmark
TR_0007,CL_001,0,synthetic_training_benchmark
TR_0007,CL_002,0,synthetic_training_benchmark
TR_0007,CL_003,0,synthetic_training_benchmark
TR_0007,CL_004,0,synthetic_training_benchmark
TR_0007,CL_005,0,synthetic_training_benchmark
TR_0007,CL_006,1,synthetic_training_benchmark
TR_0007,CL_007,0,synthetic_training_benchmark
TR_0007,CL_008,0,synthetic_training_benchmark
TR_0007,CL_009,0,synthetic_training_benchmark
TR_0007,CL_010,0,synthetic_training_benchmark
TR_0007,CL_011,0,synthetic_training_benchmark
TR_0007,CL_012,0,synthetic_training_benchmark
TR_0007,CL_013,0,synthetic_training_benchmark
TR_0007,CL_014,0,synthetic_training_benchmark
TR_0007,CL_015,0,synthetic_training_benchmark
TR_0007,CL_016,2,synthetic_training_benchmark
TR_0007,CL_017,0,synthetic_training_benchmark
TR_0007,CL_018,0,synthetic_training_benchmark
TR_0007,CL_019,1,synthetic_training_benchmark
TR_0007,CL_020,0,synthetic_training_benchmark
TR_0007,CL_021,0,synthetic_training_benchmark
TR_0007,CL_022,0,synthetic_training_benchmark
TR_0007,CL_023,0,synthetic_training_benchmark
TR_0007,CL_024,0,synthetic_training_benchmark
TR_0007,CL_025,0,synthetic_training_benchmark
TR_0007,CL_026,1,synthetic_training_benchmark
TR_0007,CL_027,0,synthetic_training_benchmark
TR_0007,CL_028,0,synthetic_training_benchmark
TR_0007,CL_029,1,synthetic_training_benchmark
TR_0007,CL_030,0,synthetic_training_benchmark
TR_0007,CL_031,0,synthetic_training_benchmark
TR_0007,CL_032,0,synthetic_training_benchmark
TR_0007,CL_033,0,synthetic_training_benchmark
TR_0007,CL_034,0,synthetic_training_benchmark
TR_0007,CL_035,0,synthetic_training_benchmark
TR_0007,CL_036,0,synthetic_training_benchmark
TR_0007,CL_037,0,synthetic_training_benchmark
TR_0007,CL_038,0,synthetic_training_benchmark
TR_0007,CL_039,1,synthetic_training_benchmark
TR_0007,CL_040,0,synthetic_training_benchmark
TR_0007,CL_041,0,synthetic_training_benchmark
TR_0007,CL_042,0,synthetic_training_benchmark
TR_0007,CL_043,0,synthetic_training_benchmark
TR_0007,CL_044,0,synthetic_training_benchmark
TR_0007,CL_045,0,synthetic_training_benchmark
TR_0007,CL_046,0,synthetic_training_benchmark
TR_0007,CL_047,0,synthetic_training_benchmark
TR_0007,CL_048,0,synthetic_training_benchmark
TR_0007,CL_049,1,synthetic_training_benchmark
TR_0007,CL_050,0,synthetic_training_benchmark
TR_0007,CL_051,0,synthetic_training_benchmark
TR_0007,CL_052,0,synthetic_training_benchmark
TR_0007,CL_053,0,synthetic_training_benchmark
TR_0007,CL_054,0,synthetic_training_benchmark
TR_0007,CL_055,0,synthetic_training_benchmark
TR_0007,CL_056,2,synthetic_training_benchmark
TR_0007,CL_057,0,synthetic_training_benchmark
TR_0007,CL_058,0,synthetic_training_benchmark
TR_0007,CL_059,2,synthetic_training_benchmark
TR_0007,CL_060,0,synthetic_training_benchmark
TR_0008,CL_001,1,synthetic_training_benchmark
TR_0008,CL_002,0,synthetic_training_benchmark
TR_0008,CL_003,0,synthetic_training_benchmark
TR_0008,CL_004,0,synthetic_training_benchmark
TR_0008,CL_005,0,synthetic_training_benchmark
TR_0008,CL_006,0,synthetic_training_benchmark
TR_0008,CL_007,0,synthetic_training_benchmark
TR_0008,CL_008,0,synthetic_training_benchmark
TR_0008,CL_009,0,synthetic_training_benchmark
TR_0008,CL_010,0,synthetic_training_benchmark
TR_0008,CL_011,1,synthetic_training_benchmark
TR_0008,CL_012,0,synthetic_training_benchmark
TR_0008,CL_013,0,synthetic_training_benchmark
TR_0008,CL_014,0,synthetic_training_benchmark
TR_0008,CL_015,0,synthetic_training_benchmark
TR_0008,CL_016,0,synthetic_training_benchmark
TR_0008,CL_017,0,synthetic_training_benchmark
TR_0008,CL_018,0,synthetic_training_benchmark
TR_0008,CL_019,0,synthetic_training_benchmark
TR_0008,CL_020,0,synthetic_training_benchmark
TR_0008,CL_021,1,synthetic_training_benchmark
TR_0008,CL_022,0,synthetic_training_benchmark
TR_0008,CL_023,1,synthetic_training_benchmark
TR_0008,CL_024,0,synthetic_training_benchmark
TR_0008,CL_025,0,synthetic_training_benchmark
TR_0008,CL_026,0,synthetic_training_benchmark
TR_0008,CL_027,0,synthetic_training_benchmark
TR_0008,CL_028,0,synthetic_training_benchmark
TR_0008,CL_029,0,synthetic_training_benchmark
TR_0008,CL_030,0,synthetic_training_benchmark
TR_0008,CL_031,2,synthetic_training_benchmark
TR_0008,CL_032,0,synthetic_training_benchmark
TR_0008,CL_033,0,synthetic_training_benchmark
TR_0008,CL_034,0,synthetic_training_benchmark
TR_0008,CL_035,0,synthetic_training_benchmark
TR_0008,CL_036,0,synthetic_training_benchmark
TR_0008,CL_037,0,synthetic_training_benchmark
TR_0008,CL_038,0,synthetic_training_benchmark
TR_0008,CL_039,0,synthetic_training_benchmark
TR_0008,CL_040,0,synthetic_training_benchmark
TR_0008,CL_041,2,synthetic_training_benchmark
TR_0008,CL_042,0,synthetic_training_benchmark
TR_0008,CL_043,2,synthetic_training_benchmark
TR_0008,CL_044,0,synthetic_training_benchmark
TR_0008,CL_045,0,synthetic_training_benchmark
TR_0008,CL_046,0,synthetic_training_benchmark
TR_0008,CL_047,0,synthetic_training_benchmark
TR_0008,CL_048,0,synthetic_training_benchmark
TR_0008,CL_049,0,synthetic_training_benchmark
TR_0008,CL_050,0,synthetic_training_benchmark
TR_0008,CL_051,1,synthetic_training_benchmark
TR_0008,CL_052,0,synthetic_training_benchmark
TR_0008,CL_053,0,synthetic_training_benchmark
TR_0008,CL_054,0,synthetic_training_benchmark
TR_0008,CL_055,0,synthetic_training_benchmark
TR_0008,CL_056,0,synthetic_training_benchmark
TR_0008,CL_057,0,synthetic_training_benchmark
TR_0008,CL_058,0,synthetic_training_benchmark
TR_0008,CL_059,0,synthetic_training_benchmark
TR_0008,CL_060,0,synthetic_training_benchmark
TR_0009,CL_001,0,synthetic_training_benchmark
TR_0009,CL_002,0,synthetic_training_benchmark
TR_0009,CL_003,0,synthetic_training_benchmark
TR_0009,CL_004,1,synthetic_training_benchmark
TR_0009,CL_005,0,synthetic_training_benchmark
TR_0009,CL_006,0,synthetic_training_benchmark
TR_0009,CL_007,0,synthetic_training_benchmark
TR_0009,CL_008,0,synthetic_training_benchmark
TR_0009,CL_009,0,synthetic_training_benchmark
TR_0009,CL_010,0,synthetic_training_benchmark
TR_0009,CL_011,1,synthetic_training_benchmark
TR_0009,CL_012,0,synthetic_training_benchmark
TR_0009,CL_013,0,synthetic_training_benchmark
TR_0009,CL_014,1,synthetic_training_benchmark
TR_0009,CL_015,0,synthetic_training_benchmark
TR_0009,CL_016,0,synthetic_training_benchmark
TR_0009,CL_017,1,synthetic_training_benchmark
TR_0009,CL_018,0,synthetic_training_benchmark
TR_0009,CL_019,0,synthetic_training_benchmark
TR_0009,CL_020,0,synthetic_training_benchmark
TR_0009,CL_021,0,synthetic_training_benchmark
TR_0009,CL_022,0,synthetic_training_benchmark
TR_0009,CL_023,2,synthetic_training_benchmark
TR_0009,CL_024,0,synthetic_training_benchmark
TR_0009,CL_025,0,synthetic_training_benchmark
TR_0009,CL_026,1,synthetic_training_benchmark
TR_0009,CL_027,0,synthetic_training_benchmark
TR_0009,CL_028,0,synthetic_training_benchmark
TR_0009,CL_029,0,synthetic_training_benchmark
TR_0009,CL_030,0,synthetic_training_benchmark
TR_0009,CL_031,1,synthetic_training_benchmark
TR_0009,CL_032,0,synthetic_training_benchmark
TR_0009,CL_033,2,synthetic_training_benchmark
TR_0009,CL_034,0,synthetic_training_benchmark
TR_0009,CL_035,0,synthetic_training_benchmark
TR_0009,CL_036,2,synthetic_training_benchmark
TR_0009,CL_037,0,synthetic_training_benchmark
TR_0009,CL_038,0,synthetic_training_benchmark
TR_0009,CL_039,0,synthetic_training_benchmark
TR_0009,CL_040,0,synthetic_training_benchmark
TR_0009,CL_041,1,synthetic_training_benchmark
TR_0009,CL_042,0,synthetic_training_benchmark
TR_0009,CL_043,2,synthetic_training_benchmark
TR_0009,CL_044,0,synthetic_training_benchmark
TR_0009,CL_045,0,synthetic_training_benchmark
TR_0009,CL_046,0,synthetic_training_benchmark
TR_0009,CL_047,2,synthetic_training_benchmark
TR_0009,CL_048,1,synthetic_training_benchmark
TR_0009,CL_049,0,synthetic_training_benchmark
TR_0009,CL_050,0,synthetic_training_benchmark
TR_0009,CL_051,0,synthetic_training_benchmark
TR_0009,CL_052,0,synthetic_training_benchmark
TR_0009,CL_053,0,synthetic_training_benchmark
TR_0009,CL_054,0,synthetic_training_benchmark
TR_0009,CL_055,0,synthetic_training_benchmark
TR_0009,CL_056,1,synthetic_training_benchmark
TR_0009,CL_057,0,synthetic_training_benchmark
TR_0009,CL_058,0,synthetic_training_benchmark
TR_0009,CL_059,0,synthetic_training_benchmark
TR_0009,CL_060,0,synthetic_training_benchmark
TR_0010,CL_001,0,synthetic_training_benchmark
TR_0010,CL_002,0,synthetic_training_benchmark
TR_0010,CL_003,0,synthetic_training_benchmark
TR_0010,CL_004,1,synthetic_training_benchmark
TR_0010,CL_005,0,synthetic_training_benchmark
TR_0010,CL_006,0,synthetic_training_benchmark
TR_0010,CL_007,0,synthetic_training_benchmark
TR_0010,CL_008,0,synthetic_training_benchmark
TR_0010,CL_009,0,synthetic_training_benchmark
TR_0010,CL_010,0,synthetic_training_benchmark
TR_0010,CL_011,1,synthetic_training_benchmark
TR_0010,CL_012,0,synthetic_training_benchmark
TR_0010,CL_013,1,synthetic_training_benchmark
TR_0010,CL_014,0,synthetic_training_benchmark
TR_0010,CL_015,0,synthetic_training_benchmark
TR_0010,CL_016,1,synthetic_training_benchmark
TR_0010,CL_017,1,synthetic_training_benchmark
TR_0010,CL_018,0,synthetic_training_benchmark
TR_0010,CL_019,0,synthetic_training_benchmark
TR_0010,CL_020,0,synthetic_training_benchmark
TR_0010,CL_021,0,synthetic_training_benchmark
TR_0010,CL_022,0,synthetic_training_benchmark
TR_0010,CL_023,1,synthetic_training_benchmark
TR_0010,CL_024,0,synthetic_training_benchmark
TR_0010,CL_025,0,synthetic_training_benchmark
TR_0010,CL_026,2,synthetic_training_benchmark
TR_0010,CL_027,0,synthetic_training_benchmark
TR_0010,CL_028,0,synthetic_training_benchmark
TR_0010,CL_029,0,synthetic_training_benchmark
TR_0010,CL_030,0,synthetic_training_benchmark
TR_0010,CL_031,2,synthetic_training_benchmark
TR_0010,CL_032,0,synthetic_training_benchmark
TR_0010,CL_033,2,synthetic_training_benchmark
TR_0010,CL_034,0,synthetic_training_benchmark
TR_0010,CL_035,0,synthetic_training_benchmark
TR_0010,CL_036,1,synthetic_training_benchmark
TR_0010,CL_037,0,synthetic_training_benchmark
TR_0010,CL_038,0,synthetic_training_benchmark
TR_0010,CL_039,0,synthetic_training_benchmark
TR_0010,CL_040,0,synthetic_training_benchmark
TR_0010,CL_041,1,synthetic_training_benchmark
TR_0010,CL_042,0,synthetic_training_benchmark
TR_0010,CL_043,2,synthetic_training_benchmark
TR_0010,CL_044,0,synthetic_training_benchmark
TR_0010,CL_045,0,synthetic_training_benchmark
TR_0010,CL_046,0,synthetic_training_benchmark
TR_0010,CL_047,2,synthetic_training_benchmark
TR_0010,CL_048,0,synthetic_training_benchmark
TR_0010,CL_049,0,synthetic_training_benchmark
TR_0010,CL_050,0,synthetic_training_benchmark
TR_0010,CL_051,0,synthetic_training_benchmark
TR_0010,CL_052,0,synthetic_training_benchmark
TR_0010,CL_053,0,synthetic_training_benchmark
TR_0010,CL_054,0,synthetic_training_benchmark
TR_0010,CL_055,0,synthetic_training_benchmark
TR_0010,CL_056,1,synthetic_training_benchmark
TR_0010,CL_057,0,synthetic_training_benchmark
TR_0010,CL_058,0,synthetic_training_benchmark
TR_0010,CL_059,0,synthetic_training_benchmark
TR_0010,CL_060,0,synthetic_training_benchmark
TR_0011,CL_001,2,synthetic_training_benchmark
TR_0011,CL_002,0,synthetic_training_benchmark
TR_0011,CL_003,0,synthetic_training_benchmark
TR_0011,CL_004,1,synthetic_training_benchmark
TR_0011,CL_005,0,synthetic_training_benchmark
TR_0011,CL_006,0,synthetic_training_benchmark
TR_0011,CL_007,0,synthetic_training_benchmark
TR_0011,CL_008,0,synthetic_training_benchmark
TR_0011,CL_009,0,synthetic_training_benchmark
TR_0011,CL_010,1,synthetic_training_benchmark
TR_0011,CL_011,2,synthetic_training_benchmark
TR_0011,CL_012,1,synthetic_training_benchmark
TR_0011,CL_013,2,synthetic_training_benchmark
TR_0011,CL_014,1,synthetic_training_benchmark
TR_0011,CL_015,2,synthetic_training_benchmark
TR_0011,CL_016,0,synthetic_training_benchmark
TR_0011,CL_017,0,synthetic_training_benchmark
TR_0011,CL_018,0,synthetic_training_benchmark
TR_0011,CL_019,0,synthetic_training_benchmark
TR_0011,CL_020,0,synthetic_training_benchmark
TR_0011,CL_021,1,synthetic_training_benchmark
TR_0011,CL_022,1,synthetic_training_benchmark
TR_0011,CL_023,1,synthetic_training_benchmark
TR_0011,CL_024,1,synthetic_training_benchmark
TR_0011,CL_025,1,synthetic_training_benchmark
TR_0011,CL_026,0,synthetic_training_benchmark
TR_0011,CL_027,0,synthetic_training_benchmark
TR_0011,CL_028,0,synthetic_training_benchmark
TR_0011,CL_029,0,synthetic_training_benchmark
TR_0011,CL_030,1,synthetic_training_benchmark
TR_0011,CL_031,0,synthetic_training_benchmark
TR_0011,CL_032,1,synthetic_training_benchmark
TR_0011,CL_033,0,synthetic_training_benchmark
TR_0011,CL_034,0,synthetic_training_benchmark
TR_0011,CL_035,2,synthetic_training_benchmark
TR_0011,CL_036,0,synthetic_training_benchmark
TR_0011,CL_037,0,synthetic_training_benchmark
TR_0011,CL_038,0,synthetic_training_benchmark
TR_0011,CL_039,0,synthetic_training_benchmark
TR_0011,CL_040,0,synthetic_training_benchmark
TR_0011,CL_041,2,synthetic_training_benchmark
TR_0011,CL_042,2,synthetic_training_benchmark
TR_0011,CL_043,0,synthetic_training_benchmark
TR_0011,CL_044,0,synthetic_training_benchmark
TR_0011,CL_045,2,synthetic_training_benchmark
TR_0011,CL_046,0,synthetic_training_benchmark
TR_0011,CL_047,0,synthetic_training_benchmark
TR_0011,CL_048,0,synthetic_training_benchmark
TR_0011,CL_049,0,synthetic_training_benchmark
TR_0011,CL_050,0,synthetic_training_benchmark
TR_0011,CL_051,0,synthetic_training_benchmark
TR_0011,CL_052,1,synthetic_training_benchmark
TR_0011,CL_053,0,synthetic_training_benchmark
TR_0011,CL_054,0,synthetic_training_benchmark
TR_0011,CL_055,0,synthetic_training_benchmark
TR_0011,CL_056,0,synthetic_training_benchmark
TR_0011,CL_057,0,synthetic_training_benchmark
TR_0011,CL_058,0,synthetic_training_benchmark
TR_0011,CL_059,1,synthetic_training_benchmark
TR_0011,CL_060,1,synthetic_training_benchmark
TR_0012,CL_001,1,synthetic_training_benchmark
TR_0012,CL_002,0,synthetic_training_benchmark
TR_0012,CL_003,0,synthetic_training_benchmark
TR_0012,CL_004,0,synthetic_training_benchmark
TR_0012,CL_005,1,synthetic_training_benchmark
TR_0012,CL_006,0,synthetic_training_benchmark
TR_0012,CL_007,0,synthetic_training_benchmark
TR_0012,CL_008,0,synthetic_training_benchmark
TR_0012,CL_009,0,synthetic_training_benchmark
TR_0012,CL_010,0,synthetic_training_benchmark
TR_0012,CL_011,0,synthetic_training_benchmark
TR_0012,CL_012,1,synthetic_training_benchmark
TR_0012,CL_013,0,synthetic_training_benchmark
TR_0012,CL_014,0,synthetic_training_benchmark
TR_0012,CL_015,0,synthetic_training_benchmark
TR_0012,CL_016,0,synthetic_training_benchmark
TR_0012,CL_017,0,synthetic_training_benchmark
TR_0012,CL_018,0,synthetic_training_benchmark
TR_0012,CL_019,0,synthetic_training_benchmark
TR_0012,CL_020,2,synthetic_training_benchmark
TR_0012,CL_021,2,synthetic_training_benchmark
TR_0012,CL_022,1,synthetic_training_benchmark
TR_0012,CL_023,0,synthetic_training_benchmark
TR_0012,CL_024,0,synthetic_training_benchmark
TR_0012,CL_025,0,synthetic_training_benchmark
TR_0012,CL_026,0,synthetic_training_benchmark
TR_0012,CL_027,0,synthetic_training_benchmark
TR_0012,CL_028,0,synthetic_training_benchmark
TR_0012,CL_029,1,synthetic_training_benchmark
TR_0012,CL_030,2,synthetic_training_benchmark
TR_0012,CL_031,1,synthetic_training_benchmark
TR_0012,CL_032,2,synthetic_training_benchmark
TR_0012,CL_033,0,synthetic_training_benchmark
TR_0012,CL_034,0,synthetic_training_benchmark
TR_0012,CL_035,0,synthetic_training_benchmark
TR_0012,CL_036,0,synthetic_training_benchmark
TR_0012,CL_037,0,synthetic_training_benchmark
TR_0012,CL_038,0,synthetic_training_benchmark
TR_0012,CL_039,2,synthetic_training_benchmark
TR_0012,CL_040,1,synthetic_training_benchmark
TR_0012,CL_041,0,synthetic_training_benchmark
TR_0012,CL_042,1,synthetic_training_benchmark
TR_0012,CL_043,0,synthetic_training_benchmark
TR_0012,CL_044,0,synthetic_training_benchmark
TR_0012,CL_045,0,synthetic_training_benchmark
TR_0012,CL_046,0,synthetic_training_benchmark
TR_0012,CL_047,0,synthetic_training_benchmark
TR_0012,CL_048,0,synthetic_training_benchmark
TR_0012,CL_049,1,synthetic_training_benchmark
TR_0012,CL_050,0,synthetic_training_benchmark
TR_0012,CL_051,0,synthetic_training_benchmark
TR_0012,CL_052,1,synthetic_training_benchmark
TR_0012,CL_053,0,synthetic_training_benchmark
TR_0012,CL_054,0,synthetic_training_benchmark
TR_0012,CL_055,0,synthetic_training_benchmark
TR_0012,CL_056,0,synthetic_training_benchmark
TR_0012,CL_057,0,synthetic_training_benchmark
TR_0012,CL_058,0,synthetic_training_benchmark
TR_0012,CL_059,1,synthetic_training_benchmark
TR_0012,CL_060,2,synthetic_training_benchmark
TR_0013,CL_001,0,synthetic_training_benchmark
TR_0013,CL_002,0,synthetic_training_benchmark
TR_0013,CL_003,0,synthetic_training_benchmark
TR_0013,CL_004,0,synthetic_training_benchmark
TR_0013,CL_005,0,synthetic_training_benchmark
TR_0013,CL_006,0,synthetic_training_benchmark
TR_0013,CL_007,0,synthetic_training_benchmark
TR_0013,CL_008,0,synthetic_training_benchmark
TR_0013,CL_009,0,synthetic_training_benchmark
TR_0013,CL_010,0,synthetic_training_benchmark
TR_0013,CL_011,1,synthetic_training_benchmark
TR_0013,CL_012,0,synthetic_training_benchmark
TR_0013,CL_013,0,synthetic_training_benchmark
TR_0013,CL_014,0,synthetic_training_benchmark
TR_0013,CL_015,0,synthetic_training_benchmark
TR_0013,CL_016,0,synthetic_training_benchmark
TR_0013,CL_017,0,synthetic_training_benchmark
TR_0013,CL_018,0,synthetic_training_benchmark
TR_0013,CL_019,1,synthetic_training_benchmark
TR_0013,CL_020,2,synthetic_training_benchmark
TR_0013,CL_021,2,synthetic_training_benchmark
TR_0013,CL_022,0,synthetic_training_benchmark
TR_0013,CL_023,0,synthetic_training_benchmark
TR_0013,CL_024,0,synthetic_training_benchmark
TR_0013,CL_025,0,synthetic_training_benchmark
TR_0013,CL_026,0,synthetic_training_benchmark
TR_0013,CL_027,0,synthetic_training_benchmark
TR_0013,CL_028,0,synthetic_training_benchmark
TR_0013,CL_029,1,synthetic_training_benchmark
TR_0013,CL_030,0,synthetic_training_benchmark
TR_0013,CL_031,1,synthetic_training_benchmark
TR_0013,CL_032,2,synthetic_training_benchmark
TR_0013,CL_033,0,synthetic_training_benchmark
TR_0013,CL_034,0,synthetic_training_benchmark
TR_0013,CL_035,0,synthetic_training_benchmark
TR_0013,CL_036,0,synthetic_training_benchmark
TR_0013,CL_037,0,synthetic_training_benchmark
TR_0013,CL_038,0,synthetic_training_benchmark
TR_0013,CL_039,2,synthetic_training_benchmark
TR_0013,CL_040,2,synthetic_training_benchmark
TR_0013,CL_041,0,synthetic_training_benchmark
TR_0013,CL_042,0,synthetic_training_benchmark
TR_0013,CL_043,1,synthetic_training_benchmark
TR_0013,CL_044,0,synthetic_training_benchmark
TR_0013,CL_045,0,synthetic_training_benchmark
TR_0013,CL_046,1,synthetic_training_benchmark
TR_0013,CL_047,0,synthetic_training_benchmark
TR_0013,CL_048,0,synthetic_training_benchmark
TR_0013,CL_049,1,synthetic_training_benchmark
TR_0013,CL_050,0,synthetic_training_benchmark
TR_0013,CL_051,0,synthetic_training_benchmark
TR_0013,CL_052,1,synthetic_training_benchmark
TR_0013,CL_053,0,synthetic_training_benchmark
TR_0013,CL_054,0,synthetic_training_benchmark
TR_0013,CL_055,0,synthetic_training_benchmark
TR_0013,CL_056,0,synthetic_training_benchmark
TR_0013,CL_057,0,synthetic_training_benchmark
TR_0013,CL_058,0,synthetic_training_benchmark
TR_0013,CL_059,1,synthetic_training_benchmark
TR_0013,CL_060,0,synthetic_training_benchmark
TR_0014,CL_001,0,synthetic_training_benchmark
TR_0014,CL_002,0,synthetic_training_benchmark
TR_0014,CL_003,0,synthetic_training_benchmark
TR_0014,CL_004,0,synthetic_training_benchmark
TR_0014,CL_005,0,synthetic_training_benchmark
TR_0014,CL_006,1,synthetic_training_benchmark
TR_0014,CL_007,0,synthetic_training_benchmark
TR_0014,CL_008,0,synthetic_training_benchmark
TR_0014,CL_009,1,synthetic_training_benchmark
TR_0014,CL_010,0,synthetic_training_benchmark
TR_0014,CL_011,0,synthetic_training_benchmark
TR_0014,CL_012,0,synthetic_training_benchmark
TR_0014,CL_013,0,synthetic_training_benchmark
TR_0014,CL_014,0,synthetic_training_benchmark
TR_0014,CL_015,0,synthetic_training_benchmark
TR_0014,CL_016,1,synthetic_training_benchmark
TR_0014,CL_017,0,synthetic_training_benchmark
TR_0014,CL_018,0,synthetic_training_benchmark
TR_0014,CL_019,2,synthetic_training_benchmark
TR_0014,CL_020,0,synthetic_training_benchmark
TR_0014,CL_021,0,synthetic_training_benchmark
TR_0014,CL_022,0,synthetic_training_benchmark
TR_0014,CL_023,0,synthetic_training_benchmark
TR_0014,CL_024,0,synthetic_training_benchmark
TR_0014,CL_025,0,synthetic_training_benchmark
TR_0014,CL_026,1,synthetic_training_benchmark
TR_0014,CL_027,0,synthetic_training_benchmark
TR_0014,CL_028,0,synthetic_training_benchmark
TR_0014,CL_029,2,synthetic_training_benchmark
TR_0014,CL_030,0,synthetic_training_benchmark
TR_0014,CL_031,0,synthetic_training_benchmark
TR_0014,CL_032,0,synthetic_training_benchmark
TR_0014,CL_033,0,synthetic_training_benchmark
TR_0014,CL_034,0,synthetic_training_benchmark
TR_0014,CL_035,0,synthetic_training_benchmark
TR_0014,CL_036,0,synthetic_training_benchmark
TR_0014,CL_037,0,synthetic_training_benchmark
TR_0014,CL_038,1,synthetic_training_benchmark
TR_0014,CL_039,1,synthetic_training_benchmark
TR_0014,CL_040,0,synthetic_training_benchmark
TR_0014,CL_041,0,synthetic_training_benchmark
TR_0014,CL_042,0,synthetic_training_benchmark
TR_0014,CL_043,0,synthetic_training_benchmark
TR_0014,CL_044,0,synthetic_training_benchmark
TR_0014,CL_045,0,synthetic_training_benchmark
TR_0014,CL_046,0,synthetic_training_benchmark
TR_0014,CL_047,0,synthetic_training_benchmark
TR_0014,CL_048,0,synthetic_training_benchmark
TR_0014,CL_049,2,synthetic_training_benchmark
TR_0014,CL_050,0,synthetic_training_benchmark
TR_0014,CL_051,0,synthetic_training_benchmark
TR_0014,CL_052,0,synthetic_training_benchmark
TR_0014,CL_053,0,synthetic_training_benchmark
TR_0014,CL_054,0,synthetic_training_benchmark
TR_0014,CL_055,0,synthetic_training_benchmark
TR_0014,CL_056,1,synthetic_training_benchmark
TR_0014,CL_057,0,synthetic_training_benchmark
TR_0014,CL_058,0,synthetic_training_benchmark
TR_0014,CL_059,2,synthetic_training_benchmark
TR_0014,CL_060,0,synthetic_training_benchmark
TR_0015,CL_001,0,synthetic_training_benchmark
TR_0015,CL_002,0,synthetic_training_benchmark
TR_0015,CL_003,0,synthetic_training_benchmark
TR_0015,CL_004,0,synthetic_training_benchmark
TR_0015,CL_005,0,synthetic_training_benchmark
TR_0015,CL_006,1,synthetic_training_benchmark
TR_0015,CL_007,0,synthetic_training_benchmark
TR_0015,CL_008,0,synthetic_training_benchmark
TR_0015,CL_009,0,synthetic_training_benchmark
TR_0015,CL_010,0,synthetic_training_benchmark
TR_0015,CL_011,0,synthetic_training_benchmark
TR_0015,CL_012,0,synthetic_training_benchmark
TR_0015,CL_013,0,synthetic_training_benchmark
TR_0015,CL_014,0,synthetic_training_benchmark
TR_0015,CL_015,0,synthetic_training_benchmark
TR_0015,CL_016,2,synthetic_training_benchmark
TR_0015,CL_017,0,synthetic_training_benchmark
TR_0015,CL_018,0,synthetic_training_benchmark
TR_0015,CL_019,1,synthetic_training_benchmark
TR_0015,CL_020,0,synthetic_training_benchmark
TR_0015,CL_021,0,synthetic_training_benchmark
TR_0015,CL_022,0,synthetic_training_benchmark
TR_0015,CL_023,0,synthetic_training_benchmark
TR_0015,CL_024,0,synthetic_training_benchmark
TR_0015,CL_025,0,synthetic_training_benchmark
TR_0015,CL_026,1,synthetic_training_benchmark
TR_0015,CL_027,0,synthetic_training_benchmark
TR_0015,CL_028,0,synthetic_training_benchmark
TR_0015,CL_029,1,synthetic_training_benchmark
TR_0015,CL_030,0,synthetic_training_benchmark
TR_0015,CL_031,0,synthetic_training_benchmark
TR_0015,CL_032,0,synthetic_training_benchmark
TR_0015,CL_033,0,synthetic_training_benchmark
TR_0015,CL_034,0,synthetic_training_benchmark
TR_0015,CL_035,0,synthetic_training_benchmark
TR_0015,CL_036,0,synthetic_training_benchmark
TR_0015,CL_037,0,synthetic_training_benchmark
TR_0015,CL_038,0,synthetic_training_benchmark
TR_0015,CL_039,1,synthetic_training_benchmark
TR_0015,CL_040,0,synthetic_training_benchmark
TR_0015,CL_041,0,synthetic_training_benchmark
TR_0015,CL_042,0,synthetic_training_benchmark
TR_0015,CL_043,0,synthetic_training_benchmark
TR_0015,CL_044,0,synthetic_training_benchmark
TR_0015,CL_045,0,synthetic_training_benchmark
TR_0015,CL_046,0,synthetic_training_benchmark
TR_0015,CL_047,0,synthetic_training_benchmark
TR_0015,CL_048,0,synthetic_training_benchmark
TR_0015,CL_049,1,synthetic_training_benchmark
TR_0015,CL_050,0,synthetic_training_benchmark
TR_0015,CL_051,0,synthetic_training_benchmark
TR_0015,CL_052,0,synthetic_training_benchmark
TR_0015,CL_053,0,synthetic_training_benchmark
TR_0015,CL_054,0,synthetic_training_benchmark
TR_0015,CL_055,0,synthetic_training_benchmark
TR_0015,CL_056,2,synthetic_training_benchmark
TR_0015,CL_057,0,synthetic_training_benchmark
TR_0015,CL_058,0,synthetic_training_benchmark
TR_0015,CL_059,2,synthetic_training_benchmark
TR_0015,CL_060,0,synthetic_training_benchmark
TR_0016,CL_001,1,synthetic_training_benchmark
TR_0016,CL_002,0,synthetic_training_benchmark
TR_0016,CL_003,0,synthetic_training_benchmark
TR_0016,CL_004,0,synthetic_training_benchmark
TR_0016,CL_005,0,synthetic_training_benchmark
TR_0016,CL_006,0,synthetic_training_benchmark
TR_0016,CL_007,0,synthetic_training_benchmark
TR_0016,CL_008,0,synthetic_training_benchmark
TR_0016,CL_009,0,synthetic_training_benchmark
TR_0016,CL_010,0,synthetic_training_benchmark
TR_0016,CL_011,1,synthetic_training_benchmark
TR_0016,CL_012,0,synthetic_training_benchmark
TR_0016,CL_013,0,synthetic_training_benchmark
TR_0016,CL_014,0,synthetic_training_benchmark
TR_0016,CL_015,0,synthetic_training_benchmark
TR_0016,CL_016,0,synthetic_training_benchmark
TR_0016,CL_017,0,synthetic_training_benchmark
TR_0016,CL_018,0,synthetic_training_benchmark
TR_0016,CL_019,0,synthetic_training_benchmark
TR_0016,CL_020,0,synthetic_training_benchmark
TR_0016,CL_021,1,synthetic_training_benchmark
TR_0016,CL_022,0,synthetic_training_benchmark
TR_0016,CL_023,1,synthetic_training_benchmark
TR_0016,CL_024,0,synthetic_training_benchmark
TR_0016,CL_025,0,synthetic_training_benchmark
TR_0016,CL_026,0,synthetic_training_benchmark
TR_0016,CL_027,0,synthetic_training_benchmark
TR_0016,CL_028,0,synthetic_training_benchmark
TR_0016,CL_029,0,synthetic_training_benchmark
TR_0016,CL_030,0,synthetic_training_benchmark
TR_0016,CL_031,2,synthetic_training_benchmark
TR_0016,CL_032,0,synthetic_training_benchmark
TR_0016,CL_033,0,synthetic_training_benchmark
TR_0016,CL_034,0,synthetic_training_benchmark
TR_0016,CL_035,0,synthetic_training_benchmark
TR_0016,CL_036,0,synthetic_training_benchmark
TR_0016,CL_037,0,synthetic_training_benchmark
TR_0016,CL_038,0,synthetic_training_benchmark
TR_0016,CL_039,0,synthetic_training_benchmark
TR_0016,CL_040,0,synthetic_training_benchmark
TR_0016,CL_041,2,synthetic_training_benchmark
TR_0016,CL_042,0,synthetic_training_benchmark
TR_0016,CL_043,2,synthetic_training_benchmark
TR_0016,CL_044,0,synthetic_training_benchmark
TR_0016,CL_045,0,synthetic_training_benchmark
TR_0016,CL_046,0,synthetic_training_benchmark
TR_0016,CL_047,0,synthetic_training_benchmark
TR_0016,CL_048,0,synthetic_training_benchmark
TR_0016,CL_049,0,synthetic_training_benchmark
TR_0016,CL_050,0,synthetic_training_benchmark
TR_0016,CL_051,1,synthetic_training_benchmark
TR_0016,CL_052,0,synthetic_training_benchmark
TR_0016,CL_053,0,synthetic_training_benchmark
TR_0016,CL_054,0,synthetic_training_benchmark
TR_0016,CL_055,0,synthetic_training_benchmark
TR_0016,CL_056,0,synthetic_training_benchmark
TR_0016,CL_057,0,synthetic_training_benchmark
TR_0016,CL_058,0,synthetic_training_benchmark
TR_0016,CL_059,0,synthetic_training_benchmark
TR_0016,CL_060,0,synthetic_training_benchmark
TR_0017,CL_001,0,synthetic_training_benchmark
TR_0017,CL_002,0,synthetic_training_benchmark
TR_0017,CL_003,0,synthetic_training_benchmark
TR_0017,CL_004,1,synthetic_training_benchmark
TR_0017,CL_005,0,synthetic_training_benchmark
TR_0017,CL_006,0,synthetic_training_benchmark
TR_0017,CL_007,0,synthetic_training_benchmark
TR_0017,CL_008,0,synthetic_training_benchmark
TR_0017,CL_009,0,synthetic_training_benchmark
TR_0017,CL_010,0,synthetic_training_benchmark
TR_0017,CL_011,1,synthetic_training_benchmark
TR_0017,CL_012,0,synthetic_training_benchmark
TR_0017,CL_013,0,synthetic_training_benchmark
TR_0017,CL_014,1,synthetic_training_benchmark
TR_0017,CL_015,0,synthetic_training_benchmark
TR_0017,CL_016,0,synthetic_training_benchmark
TR_0017,CL_017,1,synthetic_training_benchmark
TR_0017,CL_018,0,synthetic_training_benchmark
TR_0017,CL_019,0,synthetic_training_benchmark
TR_0017,CL_020,0,synthetic_training_benchmark
TR_0017,CL_021,0,synthetic_training_benchmark
TR_0017,CL_022,0,synthetic_training_benchmark
TR_0017,CL_023,2,synthetic_training_benchmark
TR_0017,CL_024,0,synthetic_training_benchmark
TR_0017,CL_025,0,synthetic_training_benchmark
TR_0017,CL_026,1,synthetic_training_benchmark
TR_0017,CL_027,0,synthetic_training_benchmark
TR_0017,CL_028,0,synthetic_training_benchmark
TR_0017,CL_029,0,synthetic_training_benchmark
TR_0017,CL_030,0,synthetic_training_benchmark
TR_0017,CL_031,1,synthetic_training_benchmark
TR_0017,CL_032,0,synthetic_training_benchmark
TR_0017,CL_033,2,synthetic_training_benchmark
TR_0017,CL_034,0,synthetic_training_benchmark
TR_0017,CL_035,0,synthetic_training_benchmark
TR_0017,CL_036,2,synthetic_training_benchmark
TR_0017,CL_037,0,synthetic_training_benchmark
TR_0017,CL_038,0,synthetic_training_benchmark
TR_0017,CL_039,0,synthetic_training_benchmark
TR_0017,CL_040,0,synthetic_training_benchmark
TR_0017,CL_041,1,synthetic_training_benchmark
TR_0017,CL_042,0,synthetic_training_benchmark
TR_0017,CL_043,2,synthetic_training_benchmark
TR_0017,CL_044,0,synthetic_training_benchmark
TR_0017,CL_045,0,synthetic_training_benchmark
TR_0017,CL_046,0,synthetic_training_benchmark
TR_0017,CL_047,2,synthetic_training_benchmark
TR_0017,CL_048,1,synthetic_training_benchmark
TR_0017,CL_049,0,synthetic_training_benchmark
TR_0017,CL_050,0,synthetic_training_benchmark
TR_0017,CL_051,0,synthetic_training_benchmark
TR_0017,CL_052,0,synthetic_training_benchmark
TR_0017,CL_053,0,synthetic_training_benchmark
TR_0017,CL_054,0,synthetic_training_benchmark
TR_0017,CL_055,0,synthetic_training_benchmark
TR_0017,CL_056,1,synthetic_training_benchmark
TR_0017,CL_057,0,synthetic_training_benchmark
TR_0017,CL_058,0,synthetic_training_benchmark
TR_0017,CL_059,0,synthetic_training_benchmark
TR_0017,CL_060,0,synthetic_training_benchmark
TR_0018,CL_001,0,synthetic_training_benchmark
TR_0018,CL_002,0,synthetic_training_benchmark
TR_0018,CL_003,0,synthetic_training_benchmark
TR_0018,CL_004,1,synthetic_training_benchmark
TR_0018,CL_005,0,synthetic_training_benchmark
TR_0018,CL_006,0,synthetic_training_benchmark
TR_0018,CL_007,0,synthetic_training_benchmark
TR_0018,CL_008,0,synthetic_training_benchmark
TR_0018,CL_009,0,synthetic_training_benchmark
TR_0018,CL_010,0,synthetic_training_benchmark
TR_0018,CL_011,1,synthetic_training_benchmark
TR_0018,CL_012,0,synthetic_training_benchmark
TR_0018,CL_013,1,synthetic_training_benchmark
TR_0018,CL_014,0,synthetic_training_benchmark
TR_0018,CL_015,0,synthetic_training_benchmark
TR_0018,CL_016,1,synthetic_training_benchmark
TR_0018,CL_017,1,synthetic_training_benchmark
TR_0018,CL_018,0,synthetic_training_benchmark
TR_0018,CL_019,0,synthetic_training_benchmark
TR_0018,CL_020,0,synthetic_training_benchmark
TR_0018,CL_021,0,synthetic_training_benchmark
TR_0018,CL_022,0,synthetic_training_benchmark
TR_0018,CL_023,1,synthetic_training_benchmark
TR_0018,CL_024,0,synthetic_training_benchmark
TR_0018,CL_025,0,synthetic_training_benchmark
TR_0018,CL_026,2,synthetic_training_benchmark
TR_0018,CL_027,0,synthetic_training_benchmark
TR_0018,CL_028,0,synthetic_training_benchmark
TR_0018,CL_029,0,synthetic_training_benchmark
TR_0018,CL_030,0,synthetic_training_benchmark
TR_0018,CL_031,2,synthetic_training_benchmark
TR_0018,CL_032,0,synthetic_training_benchmark
TR_0018,CL_033,2,synthetic_training_benchmark
TR_0018,CL_034,0,synthetic_training_benchmark
TR_0018,CL_035,0,synthetic_training_benchmark
TR_0018,CL_036,1,synthetic_training_benchmark
TR_0018,CL_037,0,synthetic_training_benchmark
TR_0018,CL_038,0,synthetic_training_benchmark
TR_0018,CL_039,0,synthetic_training_benchmark
TR_0018,CL_040,0,synthetic_training_benchmark
TR_0018,CL_041,1,synthetic_training_benchmark
TR_0018,CL_042,0,synthetic_training_benchmark
TR_0018,CL_043,2,synthetic_training_benchmark
TR_0018,CL_044,0,synthetic_training_benchmark
TR_0018,CL_045,0,synthetic_training_benchmark
TR_0018,CL_046,0,synthetic_training_benchmark
TR_0018,CL_047,2,synthetic_training_benchmark
TR_0018,CL_048,0,synthetic_training_benchmark
TR_0018,CL_049,0,synthetic_training_benchmark
TR_0018,CL_050,0,synthetic_training_benchmark
TR_0018,CL_051,0,synthetic_training_benchmark
TR_0018,CL_052,0,synthetic_training_benchmark
TR_0018,CL_053,0,synthetic_training_benchmark
TR_0018,CL_054,0,synthetic_training_benchmark
TR_0018,CL_055,0,synthetic_training_benchmark
TR_0018,CL_056,1,synthetic_training_benchmark
TR_0018,CL_057,0,synthetic_training_benchmark
TR_0018,CL_058,0,synthetic_training_benchmark
TR_0018,CL_059,0,synthetic_training_benchmark
TR_0018,CL_060,0,synthetic_training_benchmark
TR_0019,CL_001,2,synthetic_training_benchmark
TR_0019,CL_002,0,synthetic_training_benchmark
TR_0019,CL_003,0,synthetic_training_benchmark
TR_0019,CL_004,1,synthetic_training_benchmark
TR_0019,CL_005,0,synthetic_training_benchmark
TR_0019,CL_006,0,synthetic_training_benchmark
TR_0019,CL_007,0,synthetic_training_benchmark
TR_0019,CL_008,0,synthetic_training_benchmark
TR_0019,CL_009,0,synthetic_training_benchmark
TR_0019,CL_010,1,synthetic_training_benchmark
TR_0019,CL_011,2,synthetic_training_benchmark
TR_0019,CL_012,1,synthetic_training_benchmark
TR_0019,CL_013,2,synthetic_training_benchmark
TR_0019,CL_014,1,synthetic_training_benchmark
TR_0019,CL_015,2,synthetic_training_benchmark
TR_0019,CL_016,0,synthetic_training_benchmark
TR_0019,CL_017,0,synthetic_training_benchmark
TR_0019,CL_018,0,synthetic_training_benchmark
TR_0019,CL_019,0,synthetic_training_benchmark
TR_0019,CL_020,0,synthetic_training_benchmark
TR_0019,CL_021,1,synthetic_training_benchmark
TR_0019,CL_022,1,synthetic_training_benchmark
TR_0019,CL_023,1,synthetic_training_benchmark
TR_0019,CL_024,1,synthetic_training_benchmark
TR_0019,CL_025,1,synthetic_training_benchmark
TR_0019,CL_026,0,synthetic_training_benchmark
TR_0019,CL_027,0,synthetic_training_benchmark
TR_0019,CL_028,0,synthetic_training_benchmark
TR_0019,CL_029,0,synthetic_training_benchmark
TR_0019,CL_030,1,synthetic_training_benchmark
TR_0019,CL_031,0,synthetic_training_benchmark
TR_0019,CL_032,1,synthetic_training_benchmark
TR_0019,CL_033,0,synthetic_training_benchmark
TR_0019,CL_034,0,synthetic_training_benchmark
TR_0019,CL_035,2,synthetic_training_benchmark
TR_0019,CL_036,0,synthetic_training_benchmark
TR_0019,CL_037,0,synthetic_training_benchmark
TR_0019,CL_038,0,synthetic_training_benchmark
TR_0019,CL_039,0,synthetic_training_benchmark
TR_0019,CL_040,0,synthetic_training_benchmark
TR_0019,CL_041,2,synthetic_training_benchmark
TR_0019,CL_042,2,synthetic_training_benchmark
TR_0019,CL_043,0,synthetic_training_benchmark
TR_0019,CL_044,0,synthetic_training_benchmark
TR_0019,CL_045,2,synthetic_training_benchmark
TR_0019,CL_046,0,synthetic_training_benchmark
TR_0019,CL_047,0,synthetic_training_benchmark
TR_0019,CL_048,0,synthetic_training_benchmark
TR_0019,CL_049,0,synthetic_training_benchmark
TR_0019,CL_050,0,synthetic_training_benchmark
TR_0019,CL_051,0,synthetic_training_benchmark
TR_0019,CL_052,1,synthetic_training_benchmark
TR_0019,CL_053,0,synthetic_training_benchmark
TR_0019,CL_054,0,synthetic_training_benchmark
TR_0019,CL_055,0,synthetic_training_benchmark
TR_0019,CL_056,0,synthetic_training_benchmark
TR_0019,CL_057,0,synthetic_training_benchmark
TR_0019,CL_058,0,synthetic_training_benchmark
TR_0019,CL_059,1,synthetic_training_benchmark
TR_0019,CL_060,1,synthetic_training_benchmark
TR_0020,CL_001,1,synthetic_training_benchmark
TR_0020,CL_002,0,synthetic_training_benchmark
TR_0020,CL_003,0,synthetic_training_benchmark
TR_0020,CL_004,0,synthetic_training_benchmark
TR_0020,CL_005,1,synthetic_training_benchmark
TR_0020,CL_006,0,synthetic_training_benchmark
TR_0020,CL_007,0,synthetic_training_benchmark
TR_0020,CL_008,0,synthetic_training_benchmark
TR_0020,CL_009,0,synthetic_training_benchmark
TR_0020,CL_010,0,synthetic_training_benchmark
TR_0020,CL_011,0,synthetic_training_benchmark
TR_0020,CL_012,1,synthetic_training_benchmark
TR_0020,CL_013,0,synthetic_training_benchmark
TR_0020,CL_014,0,synthetic_training_benchmark
TR_0020,CL_015,0,synthetic_training_benchmark
TR_0020,CL_016,0,synthetic_training_benchmark
TR_0020,CL_017,0,synthetic_training_benchmark
TR_0020,CL_018,0,synthetic_training_benchmark
TR_0020,CL_019,0,synthetic_training_benchmark
TR_0020,CL_020,2,synthetic_training_benchmark
TR_0020,CL_021,2,synthetic_training_benchmark
TR_0020,CL_022,1,synthetic_training_benchmark
TR_0020,CL_023,0,synthetic_training_benchmark
TR_0020,CL_024,0,synthetic_training_benchmark
TR_0020,CL_025,0,synthetic_training_benchmark
TR_0020,CL_026,0,synthetic_training_benchmark
TR_0020,CL_027,0,synthetic_training_benchmark
TR_0020,CL_028,0,synthetic_training_benchmark
TR_0020,CL_029,1,synthetic_training_benchmark
TR_0020,CL_030,2,synthetic_training_benchmark
TR_0020,CL_031,1,synthetic_training_benchmark
TR_0020,CL_032,2,synthetic_training_benchmark
TR_0020,CL_033,0,synthetic_training_benchmark
TR_0020,CL_034,0,synthetic_training_benchmark
TR_0020,CL_035,0,synthetic_training_benchmark
TR_0020,CL_036,0,synthetic_training_benchmark
TR_0020,CL_037,0,synthetic_training_benchmark
TR_0020,CL_038,0,synthetic_training_benchmark
TR_0020,CL_039,2,synthetic_training_benchmark
TR_0020,CL_040,1,synthetic_training_benchmark
TR_0020,CL_041,0,synthetic_training_benchmark
TR_0020,CL_042,1,synthetic_training_benchmark
TR_0020,CL_043,0,synthetic_training_benchmark
TR_0020,CL_044,0,synthetic_training_benchmark
TR_0020,CL_045,0,synthetic_training_benchmark
TR_0020,CL_046,0,synthetic_training_benchmark
TR_0020,CL_047,0,synthetic_training_benchmark
TR_0020,CL_048,0,synthetic_training_benchmark
TR_0020,CL_049,1,synthetic_training_benchmark
TR_0020,CL_050,0,synthetic_training_benchmark
TR_0020,CL_051,0,synthetic_training_benchmark
TR_0020,CL_052,1,synthetic_training_benchmark
TR_0020,CL_053,0,synthetic_training_benchmark
TR_0020,CL_054,0,synthetic_training_benchmark
TR_0020,CL_055,0,synthetic_training_benchmark
TR_0020,CL_056,0,synthetic_training_benchmark
TR_0020,CL_057,0,synthetic_training_benchmark
TR_0020,CL_058,0,synthetic_training_benchmark
TR_0020,CL_059,1,synthetic_training_benchmark
TR_0020,CL_060,2,synthetic_training_benchmark
TR_0021,CL_001,0,synthetic_training_benchmark
TR_0021,CL_002,0,synthetic_training_benchmark
TR_0021,CL_003,0,synthetic_training_benchmark
TR_0021,CL_004,0,synthetic_training_benchmark
TR_0021,CL_005,0,synthetic_training_benchmark
TR_0021,CL_006,0,synthetic_training_benchmark
TR_0021,CL_007,0,synthetic_training_benchmark
TR_0021,CL_008,0,synthetic_training_benchmark
TR_0021,CL_009,0,synthetic_training_benchmark
TR_0021,CL_010,0,synthetic_training_benchmark
TR_0021,CL_011,1,synthetic_training_benchmark
TR_0021,CL_012,0,synthetic_training_benchmark
TR_0021,CL_013,0,synthetic_training_benchmark
TR_0021,CL_014,0,synthetic_training_benchmark
TR_0021,CL_015,0,synthetic_training_benchmark
TR_0021,CL_016,0,synthetic_training_benchmark
TR_0021,CL_017,0,synthetic_training_benchmark
TR_0021,CL_018,0,synthetic_training_benchmark
TR_0021,CL_019,1,synthetic_training_benchmark
TR_0021,CL_020,2,synthetic_training_benchmark
TR_0021,CL_021,2,synthetic_training_benchmark
TR_0021,CL_022,0,synthetic_training_benchmark
TR_0021,CL_023,0,synthetic_training_benchmark
TR_0021,CL_024,0,synthetic_training_benchmark
TR_0021,CL_025,0,synthetic_training_benchmark
TR_0021,CL_026,0,synthetic_training_benchmark
TR_0021,CL_027,0,synthetic_training_benchmark
TR_0021,CL_028,0,synthetic_training_benchmark
TR_0021,CL_029,1,synthetic_training_benchmark
TR_0021,CL_030,0,synthetic_training_benchmark
TR_0021,CL_031,1,synthetic_training_benchmark
TR_0021,CL_032,2,synthetic_training_benchmark
TR_0021,CL_033,0,synthetic_training_benchmark
TR_0021,CL_034,0,synthetic_training_benchmark
TR_0021,CL_035,0,synthetic_training_benchmark
TR_0021,CL_036,0,synthetic_training_benchmark
TR_0021,CL_037,0,synthetic_training_benchmark
TR_0021,CL_038,0,synthetic_training_benchmark
TR_0021,CL_039,2,synthetic_training_benchmark
TR_0021,CL_040,2,synthetic_training_benchmark
TR_0021,CL_041,0,synthetic_training_benchmark
TR_0021,CL_042,0,synthetic_training_benchmark
TR_0021,CL_043,1,synthetic_training_benchmark
TR_0021,CL_044,0,synthetic_training_benchmark
TR_0021,CL_045,0,synthetic_training_benchmark
TR_0021,CL_046,1,synthetic_training_benchmark
TR_0021,CL_047,0,synthetic_training_benchmark
TR_0021,CL_048,0,synthetic_training_benchmark
TR_0021,CL_049,1,synthetic_training_benchmark
TR_0021,CL_050,0,synthetic_training_benchmark
TR_0021,CL_051,0,synthetic_training_benchmark
TR_0021,CL_052,1,synthetic_training_benchmark
TR_0021,CL_053,0,synthetic_training_benchmark
TR_0021,CL_054,0,synthetic_training_benchmark
TR_0021,CL_055,0,synthetic_training_benchmark
TR_0021,CL_056,0,synthetic_training_benchmark
TR_0021,CL_057,0,synthetic_training_benchmark
TR_0021,CL_058,0,synthetic_training_benchmark
TR_0021,CL_059,1,synthetic_training_benchmark
TR_0021,CL_060,0,synthetic_training_benchmark
TR_0022,CL_001,0,synthetic_training_benchmark
TR_0022,CL_002,0,synthetic_training_benchmark
TR_0022,CL_003,0,synthetic_training_benchmark
TR_0022,CL_004,0,synthetic_training_benchmark
TR_0022,CL_005,0,synthetic_training_benchmark
TR_0022,CL_006,1,synthetic_training_benchmark
TR_0022,CL_007,0,synthetic_training_benchmark
TR_0022,CL_008,1,synthetic_training_benchmark
TR_0022,CL_009,1,synthetic_training_benchmark
TR_0022,CL_010,0,synthetic_training_benchmark
TR_0022,CL_011,0,synthetic_training_benchmark
TR_0022,CL_012,0,synthetic_training_benchmark
TR_0022,CL_013,0,synthetic_training_benchmark
TR_0022,CL_014,0,synthetic_training_benchmark
TR_0022,CL_015,0,synthetic_training_benchmark
TR_0022,CL_016,2,synthetic_training_benchmark
TR_0022,CL_017,0,synthetic_training_benchmark
TR_0022,CL_018,0,synthetic_training_benchmark
TR_0022,CL_019,1,synthetic_training_benchmark
TR_0022,CL_020,0,synthetic_training_benchmark
TR_0022,CL_021,0,synthetic_training_benchmark
TR_0022,CL_022,0,synthetic_training_benchmark
TR_0022,CL_023,0,synthetic_training_benchmark
TR_0022,CL_024,0,synthetic_training_benchmark
TR_0022,CL_025,0,synthetic_training_benchmark
TR_0022,CL_026,1,synthetic_training_benchmark
TR_0022,CL_027,0,synthetic_training_benchmark
TR_0022,CL_028,0,synthetic_training_benchmark
TR_0022,CL_029,2,synthetic_training_benchmark
TR_0022,CL_030,0,synthetic_training_benchmark
TR_0022,CL_031,0,synthetic_training_benchmark
TR_0022,CL_032,0,synthetic_training_benchmark
TR_0022,CL_033,0,synthetic_training_benchmark
TR_0022,CL_034,0,synthetic_training_benchmark
TR_0022,CL_035,0,synthetic_training_benchmark
TR_0022,CL_036,0,synthetic_training_benchmark
TR_0022,CL_037,0,synthetic_training_benchmark
TR_0022,CL_038,1,synthetic_training_benchmark
TR_0022,CL_039,0,synthetic_training_benchmark
TR_0022,CL_040,0,synthetic_training_benchmark
TR_0022,CL_041,0,synthetic_training_benchmark
TR_0022,CL_042,0,synthetic_training_benchmark
TR_0022,CL_043,0,synthetic_training_benchmark
TR_0022,CL_044,0,synthetic_training_benchmark
TR_0022,CL_045,0,synthetic_training_benchmark
TR_0022,CL_046,0,synthetic_training_benchmark
TR_0022,CL_047,0,synthetic_training_benchmark
TR_0022,CL_048,0,synthetic_training_benchmark
TR_0022,CL_049,1,synthetic_training_benchmark
TR_0022,CL_050,0,synthetic_training_benchmark
TR_0022,CL_051,0,synthetic_training_benchmark
TR_0022,CL_052,0,synthetic_training_benchmark
TR_0022,CL_053,0,synthetic_training_benchmark
TR_0022,CL_054,0,synthetic_training_benchmark
TR_0022,CL_055,0,synthetic_training_benchmark
TR_0022,CL_056,2,synthetic_training_benchmark
TR_0022,CL_057,0,synthetic_training_benchmark
TR_0022,CL_058,0,synthetic_training_benchmark
TR_0022,CL_059,2,synthetic_training_benchmark
TR_0022,CL_060,0,synthetic_training_benchmark
TR_0023,CL_001,0,synthetic_training_benchmark
TR_0023,CL_002,0,synthetic_training_benchmark
TR_0023,CL_003,0,synthetic_training_benchmark
TR_0023,CL_004,0,synthetic_training_benchmark
TR_0023,CL_005,0,synthetic_training_benchmark
TR_0023,CL_006,1,synthetic_training_benchmark
TR_0023,CL_007,0,synthetic_training_benchmark
TR_0023,CL_008,0,synthetic_training_benchmark
TR_0023,CL_009,0,synthetic_training_benchmark
TR_0023,CL_010,0,synthetic_training_benchmark
TR_0023,CL_011,0,synthetic_training_benchmark
TR_0023,CL_012,0,synthetic_training_benchmark
TR_0023,CL_013,0,synthetic_training_benchmark
TR_0023,CL_014,0,synthetic_training_benchmark
TR_0023,CL_015,0,synthetic_training_benchmark
TR_0023,CL_016,2,synthetic_training_benchmark
TR_0023,CL_017,0,synthetic_training_benchmark
TR_0023,CL_018,0,synthetic_training_benchmark
TR_0023,CL_019,1,synthetic_training_benchmark
TR_0023,CL_020,0,synthetic_training_benchmark
TR_0023,CL_021,0,synthetic_training_benchmark
TR_0023,CL_022,0,synthetic_training_benchmark
TR_0023,CL_023,0,synthetic_training_benchmark
TR_0023,CL_024,0,synthetic_training_benchmark
TR_0023,CL_025,0,synthetic_training_benchmark
TR_0023,CL_026,1,synthetic_training_benchmark
TR_0023,CL_027,0,synthetic_training_benchmark
TR_0023,CL_028,0,synthetic_training_benchmark
TR_0023,CL_029,1,synthetic_training_benchmark
TR_0023,CL_030,0,synthetic_training_benchmark
TR_0023,CL_031,0,synthetic_training_benchmark
TR_0023,CL_032,0,synthetic_training_benchmark
TR_0023,CL_033,0,synthetic_training_benchmark
TR_0023,CL_034,0,synthetic_training_benchmark
TR_0023,CL_035,0,synthetic_training_benchmark
TR_0023,CL_036,0,synthetic_training_benchmark
TR_0023,CL_037,0,synthetic_training_benchmark
TR_0023,CL_038,0,synthetic_training_benchmark
TR_0023,CL_039,1,synthetic_training_benchmark
TR_0023,CL_040,0,synthetic_training_benchmark
TR_0023,CL_041,0,synthetic_training_benchmark
TR_0023,CL_042,0,synthetic_training_benchmark
TR_0023,CL_043,0,synthetic_training_benchmark
TR_0023,CL_044,0,synthetic_training_benchmark
TR_0023,CL_045,0,synthetic_training_benchmark
TR_0023,CL_046,0,synthetic_training_benchmark
TR_0023,CL_047,0,synthetic_training_benchmark
TR_0023,CL_048,0,synthetic_training_benchmark
TR_0023,CL_049,1,synthetic_training_benchmark
TR_0023,CL_050,0,synthetic_training_benchmark
TR_0023,CL_051,0,synthetic_training_benchmark
TR_0023,CL_052,0,synthetic_training_benchmark
TR_0023,CL_053,0,synthetic_training_benchmark
TR_0023,CL_054,0,synthetic_training_benchmark
TR_0023,CL_055,0,synthetic_training_benchmark
TR_0023,CL_056,2,synthetic_training_benchmark
TR_0023,CL_057,0,synthetic_training_benchmark
TR_0023,CL_058,0,synthetic_training_benchmark
TR_0023,CL_059,2,synthetic_training_benchmark
TR_0023,CL_060,0,synthetic_training_benchmark
TR_0024,CL_001,1,synthetic_training_benchmark
TR_0024,CL_002,0,synthetic_training_benchmark
TR_0024,CL_003,0,synthetic_training_benchmark
TR_0024,CL_004,0,synthetic_training_benchmark
TR_0024,CL_005,0,synthetic_training_benchmark
TR_0024,CL_006,0,synthetic_training_benchmark
TR_0024,CL_007,0,synthetic_training_benchmark
TR_0024,CL_008,0,synthetic_training_benchmark
TR_0024,CL_009,0,synthetic_training_benchmark
TR_0024,CL_010,0,synthetic_training_benchmark
TR_0024,CL_011,1,synthetic_training_benchmark
TR_0024,CL_012,0,synthetic_training_benchmark
TR_0024,CL_013,0,synthetic_training_benchmark
TR_0024,CL_014,0,synthetic_training_benchmark
TR_0024,CL_015,0,synthetic_training_benchmark
TR_0024,CL_016,0,synthetic_training_benchmark
TR_0024,CL_017,0,synthetic_training_benchmark
TR_0024,CL_018,0,synthetic_training_benchmark
TR_0024,CL_019,0,synthetic_training_benchmark
TR_0024,CL_020,0,synthetic_training_benchmark
TR_0024,CL_021,1,synthetic_training_benchmark
TR_0024,CL_022,0,synthetic_training_benchmark
TR_0024,CL_023,1,synthetic_training_benchmark
TR_0024,CL_024,0,synthetic_training_benchmark
TR_0024,CL_025,0,synthetic_training_benchmark
TR_0024,CL_026,0,synthetic_training_benchmark
TR_0024,CL_027,0,synthetic_training_benchmark
TR_0024,CL_028,0,synthetic_training_benchmark
TR_0024,CL_029,0,synthetic_training_benchmark
TR_0024,CL_030,0,synthetic_training_benchmark
TR_0024,CL_031,2,synthetic_training_benchmark
TR_0024,CL_032,0,synthetic_training_benchmark
TR_0024,CL_033,0,synthetic_training_benchmark
TR_0024,CL_034,0,synthetic_training_benchmark
TR_0024,CL_035,0,synthetic_training_benchmark
TR_0024,CL_036,0,synthetic_training_benchmark
TR_0024,CL_037,0,synthetic_training_benchmark
TR_0024,CL_038,0,synthetic_training_benchmark
TR_0024,CL_039,0,synthetic_training_benchmark
TR_0024,CL_040,0,synthetic_training_benchmark
TR_0024,CL_041,2,synthetic_training_benchmark
TR_0024,CL_042,0,synthetic_training_benchmark
TR_0024,CL_043,2,synthetic_training_benchmark
TR_0024,CL_044,0,synthetic_training_benchmark
TR_0024,CL_045,0,synthetic_training_benchmark
TR_0024,CL_046,0,synthetic_training_benchmark
TR_0024,CL_047,0,synthetic_training_benchmark
TR_0024,CL_048,0,synthetic_training_benchmark
TR_0024,CL_049,0,synthetic_training_benchmark
TR_0024,CL_050,0,synthetic_training_benchmark
TR_0024,CL_051,1,synthetic_training_benchmark
TR_0024,CL_052,0,synthetic_training_benchmark
TR_0024,CL_053,0,synthetic_training_benchmark
TR_0024,CL_054,0,synthetic_training_benchmark
TR_0024,CL_055,0,synthetic_training_benchmark
TR_0024,CL_056,0,synthetic_training_benchmark
TR_0024,CL_057,0,synthetic_training_benchmark
TR_0024,CL_058,0,synthetic_training_benchmark
TR_0024,CL_059,0,synthetic_training_benchmark
TR_0024,CL_060,0,synthetic_training_benchmark
