source_id,publisher,published_at,source_type,title,url,source_confidence
SRC_F1066681D5,CNBC,"Thu, 24 Sep 2026 18:22:51 GMT",news,Bond liquidation wrecks small caps. Here's how bad some traders see it getting - CNBC,https://news.google.com/rss/articles/CBMiswFBVV95cUxQS1J2R1luakdndzFhUVRINVNablZDV0hNU0FBb1kyRUNxdUZid2pTeFRHcDFoNTJKd2x0cTVfUXRiYzlVcXo1STE1bVVGREdEZ2pCZkhZUkZjR1ktUlFadnJpNTVUNmh6Vnk1SlhmdEtKeDF5eF91MDhuSFg3cXlRS2hqZU9VQ21rSUxkWkFNcmwyN2c1M1ZvVFRSa2ExT0hWUlFORnp3UENDai1SSFpoVlRaNNIBuAFBVV95cUxQSE1QRUkwSVlpdzRRelhtb2tqQjF4YlJtTzR5c0pqZGk1dnZ6aHVaenBEbklUQlhkYk4yanFycUU3Qlo3NlZBVW9rN2RHQ3FUV3ZaUGxaU2M5RUdaSHk1OHNSanZGWWVQY1RiaE04ckNrYUlsZVNOQUcteUN1S0xCR1BPY3RYQkJxVlpLMEZsdnRkenhUWjdYWmxjYUNvNElBRDYyanJGQXh0NkhWOTVtS3RqVldfcmRv?oc=5,MEDIUM
SRC_532A610424,StockStory,"Sun, 27 Sep 2026 07:00:00 GMT",news,3 Russell 2000 Stocks with Open Questions - StockStory,https://news.google.com/rss/articles/CBMiogFBVV95cUxPcF9WR0RLR3dWQjhOTTBOak1VUnROdm1kMUVjdXF3ZXROZVI5dk05TG1KWEZDR1prbzQ0dkt2bW14NEpqY1dyTEVoaThpVUEyUGdENUdOYlRCX2ZVY2VxN1EwbmdqeUtUUHozd2VKMG5EWXNVMlpDU3djTmhjWGlpQkk4OU9RZV9zMkVMLWVZOEFyM3p6Q0dqeWtvaUNkbTV6S0E?oc=5,LOW
SRC_1CAE06EC44,Yahoo! Finance Canada,"Thu, 01 Oct 2026 09:20:02 GMT",news,Should iShares Russell 2000 ETF (IWM) Be on Your Investing Radar? - Yahoo! Finance Canada,https://news.google.com/rss/articles/CBMigwFBVV95cUxNaTYtMUJwTmNUaDRGMGVYSElZRjRCaU5MUG54dFRrQ1JUc25QZ0M3TE14cEZWYUlIdWJ6TEc3S19UamNiZXZFekJ3MXBHeXhmdENqSmRpUGJiUEZtY2lBVVpjbXJEUkY4SlA4a3ZhTVlVbjgxbm15andPTzRKVmNpTWJmcw?oc=5,LOW
SRC_E39113B599,The Globe and Mail,"Fri, 25 Sep 2026 04:31:00 GMT",news,1 Russell 2000 Stock with Exciting Potential and 2 Facing Headwinds - The Globe and Mail,https://news.google.com/rss/articles/CBMi5wFBVV95cUxNbHg3eUhfSmYySDc4S29vRVZpYnRlell1RmtOZWFwZFV0Y29qLUk5aXVvWlRMUDNCZzJvOEtLX3FJQUZITWJGNFZRRkllODJIY3VKS3FfTTlUa2I1OExhc200MmYxeU1YRjBwRUhkTC05RVJtQWlWaHN4X2hwa0Z4bjZVRktyT0Y2NlBRTDhzUE1zYmJINGdaRURLczBPUVp3SHlUWi1mOURVTzVWNlhrZXV4QXpBN1g2OWN3VnczaDlmaS1pVDBIb3ZvcE1xd0cwUFdWaDdjOEFWa0k5RHg3YjlTRVNXT2M?oc=5,LOW
SRC_650E40E6D5,富途牛牛,"Tue, 22 Sep 2026 13:33:56 GMT",news,"Rising interest rates are squeezing small-cap stocks, narrowing the Russell 2000’s outperformance over the S&P 500 to just 2 percentage points. Is capital poised to flow back into concentrated AI trades? - 富途牛牛",https://news.google.com/rss/articles/CBMirgFBVV95cUxOS2lmaGRla0ptdFVULUllRGlhaUxaamYxYUU1Tm1aNUhaWFNZTFhfT0QwQmNJUEQ4WVBlQTVxdjFuMG5OUjl3Zzh2cU1Rb3ltdjV4OEszWDFUMnRaRnJicDJqQlNCNEMwZjV4WEVSd2hrdE9ka0ZRUXJ2V0dRd1B4RDkwT2wyYlUzZHZNRFo0cHlRdkU2ZV9BNHVicUJQQkQ0YWhJcF9rdEtXeUdaeUE?oc=5,LOW
SRC_3F0B989CD8,ETF Trends,"Thu, 01 Oct 2026 14:27:12 GMT",news,Small-Cap Pullback May Make This ETF Appealing - ETF Trends,https://news.google.com/rss/articles/CBMiogFBVV95cUxQSlUzN1EwYThGX0R6RFFrb1pBYkI0MXVsbWthdk1PX0o1WDk4eTViX2VrZGk1bGVFeG9kOEZNZnMxS3F1YXVyMFZma1NGaml1TFNjZXc3eDZEZTRzblB2YTJpcUdvaVR3LWs2Q1ZKSThKQXdacmhLd2loYV9tbmx1Q0lhNTJvWlNPTDFLNzRxakp4SE9qWFFKVUV6U1JUSFFycUHSAacBQVVfeXFMTUpFandGQU1jYU9Pdjh5TG9hZURRc3NmOTN0Q2NrbTVQZkZwVWlrSVpKWWRQMERqUmtDa2gzNExvUWRiUG56ZkhIWkpHMDdubElERlYweXZpOGxRczZUZ0ZRcGE2b0F5TXlBM2Vod0xYQ2hUVGVJbnhSMS1YNUdxMjZVemF2SVFRX1dtanBtNEI0RzNYUEJLUmpGTkhEZzA5OE5nM09HN0U?oc=5,LOW
SRC_9E5F6125F1,Seeking Alpha,"Tue, 29 Sep 2026 02:15:00 GMT",news,Royce Small-Cap Fund Q2 2026 Commentary - Seeking Alpha,https://news.google.com/rss/articles/CBMihwFBVV95cUxQT1VjaGc0V1FiOHBnb2xUaHFmYXVZN0ZqajZlcWcyamphRklXNVgxY3puaVdPM1RGWUJ0dVhHdkFuTkRCaE5YbUlhM1pvU3FoTHJTb05teGdFaVVYUGFTNHc5X2RsVHg2VTBSc2lFWkVBOUo0YW5KNlZCYTQ5c09xS09VdjhNVlk?oc=5,LOW
SRC_B5D64833F5,TradingView,"Wed, 30 Sep 2026 09:06:44 GMT",news,ETFs Investing in Webull Corporation Stocks - TradingView,https://news.google.com/rss/articles/CBMiXkFVX3lxTFAzZ250N3pCS2dNVkFfVmNuY0hUMjZzS3RkY0N4MndBLVpTTHlYMFVMOTYwcmVkX1VYanZqeU9aVmw5TURYbmoyQktQaG05TnZ3SFYwRk1YeVhPcmlPSEE?oc=5,LOW
YF_RUSSELL2000,Yahoo Finance,2026-10-01T22:08:00.925170+00:00,market_data,Yahoo Finance daily market data — RUSSELL2000 (^RUT),https://finance.yahoo.com/quote/^RUT,MEDIUM
SRC_E96B20796B,Reuters,"Wed, 30 Sep 2026 16:23:27 GMT",news,FTSE 100 registers monthly decline as oil rally heightens inflation concerns - Reuters,https://news.google.com/rss/articles/CBMiqgFBVV95cUxPWGVJajIwd0ozSlBjMWFMejVaTEhTYjNSaVpIMmdJUm54NDJIaG9VZDUzVUhLNFZTU2lLUzJwYWQyS0FRcnlXV3lWbGxZZGQ0RFp4Z1Z6LUZZVlMzTTJENzNEMDkyMndPRnBpb3FjOHI0R3VTTTNuY1poRTU2cWhzNk9CRjNEUFpwMThLZnVrRnZIVTVyTmw5RS1KSlZNMHFpZE1DazRQdm4tQQ?oc=5,HIGH
SRC_ABA222580C,Yahoo Finance,"Wed, 30 Sep 2026 07:52:09 GMT",news,FTSE 100 today: Stocks close lower after cooler-than-expected U.S. inflation data - Yahoo Finance,https://news.google.com/rss/articles/CBMijAFBVV95cUxPYlJzQXRoSUFvMUo4Z1VKX05YZHBJWmhjOWIzbTNrbDgwMlNKTjIxV3NOTW5qN2J1YnM3aFF3V2NhNlR6ZTFaOTVScHZrQ3FDb09mZnpzSVhtSS0tZVdxTXU2M2ZNakhnUHpuMXp5Qkhuc294QjJBSFI3Y1Q0dFJOLUZXeGVxNHhlUkV2Sg?oc=5,MEDIUM
SRC_CBFCCC0613,Reuters,"Tue, 22 Sep 2026 07:00:00 GMT",news,"Banks, telecoms weigh on FTSE 100; focus on US-Iran talks - Reuters",https://news.google.com/rss/articles/CBMiqgFBVV95cUxQZ3JCUDhubW1Yb0o4bFpaMFdtVE9oYVVuUll5R0tpVS1YNXpjd285eWxWa1ZDUklJd0ZBNnZJdnJQdEVnZmJ6czA1TEYtMmFhNjlUcWZGeDdhMFdpNXRJd21TaWlmcjRiWTBHNEpDVmg2U0RicWlnUWNWRFkyUy01WXA4c09OREpKM2JNWUk5dHEyNDQ0SWM1U3BudkhJUENDWXVjdlUyRl9nZw?oc=5,HIGH
SRC_7AE5EACE8B,Investing.com,"Thu, 01 Oct 2026 13:23:08 GMT",news,"FTSE 100 today: Stocks tumble as gilt yields top 6%, U.S.-Iran standoff drags - Investing.com",https://news.google.com/rss/articles/CBMisgFBVV95cUxNbEVvNEl3cEx4UVRtX0FBTWNVTnhKWmljUzR2VjVhWTdWaG9sSlotTUpaWWlKNGVmSEVoV1BLUFFNMS1ZeldLWHZNTER3dnlHU2tVNE1hV0VFN2FOLXlaV1hYUG1XZE5EZ0pkWkJzZk03WTNQR3gyRjFXRnhjdHVPNWFEZ2dCUVhTRS1ZaTkwdlliSTUwbnNpUVhSNVViTXplakR0cFVKQUJ1MGczSlIyQW1n?oc=5,LOW
SRC_792B5DDAAF,The Mighty 790 KFGO,"Mon, 28 Sep 2026 10:53:51 GMT",news,"European shares rise as UK homebuilder rally offsets oil, bond pressures - The Mighty 790 KFGO",https://news.google.com/rss/articles/CBMiogFBVV95cUxNajNoeXZuOFhMNndhT004NUtIQ3ktYzFvM3p5TXhHcE8yNlMtX1QtS2RIX3l2WDVhX0UwNG5mTnNNQzlFRkEtSHBId0ZsMjZjT0ItMWVfQ0E0M3lIMnN2QVhkQWlUaDVsZEtmcWIwdE1zREFPNERyVHg2elRwUzE5U3ludTI3N3pHZlNucHRlSTh2c1FSZlRRcGFxR19FM2JKWGc?oc=5,LOW
SRC_94E41154FB,The Telegraph,"Tue, 29 Sep 2026 18:06:00 GMT",news,Metal business could quit London stock market after almost a century - The Telegraph,https://news.google.com/rss/articles/CBMimgFBVV95cUxNekpYYTdYTWZwaHYwNE82YzdsblN2MnFsZ2I4a2ZEQlM4TENXeTZJazI0Vy0tLUxLNERxVnZwZXJweHJWVVM0c3MweFZDVDhLcTMxOFFIZ193dHVrNlc2ekV0Y2syOEZpMUZrbHZiSEMtVWtqb2tVd1ZydFowR3pqTlQ0eVFBSHYxR0xfSjIzN1lBNEF0bS1DbmF3?oc=5,MEDIUM
SRC_7F33FEAE7B,Yahoo Finance UK,"Thu, 24 Sep 2026 10:20:02 GMT",news,UK stocks fall as lack of progress in US-Iran talks lifts oil prices - Yahoo Finance UK,https://news.google.com/rss/articles/CBMigwFBVV95cUxNbndTY1NDVHdsalo1WWtrMzYxcF9rVXQtWENPUXVzWTRueTNkb3UxRDJfck1fUU05TDNhM3BybnVodTNxUzdLRnRDcThxSzBjY0w5QVVQX1puR0d4akMzeVliejBQYUJ0VGtwdWcwUHcta3VvUzhnODc3cHAyMDNuRThhYw?oc=5,MEDIUM
SRC_908307C533,Reuters,"Mon, 28 Sep 2026 17:19:09 GMT",news,European shares muted as oil and bond pressures offset UK homebuilder rally - Reuters,https://news.google.com/rss/articles/CBMiswFBVV95cUxQTnJjQ0NlWFRaRUdoeDhfTHh5T3k0ejVfaDBvbFYtZFJmS1ExLUpKNWdOVGtfTktKS2U1Ykdob0pLUWFGLUtEZ2pDMU5nZkwzaXJwVU9ZQnFwdlhDMEx4LWJ6cG1INE90OUhhRVdCT1h6YVJtZktwOF9Td0x6MFZxNENFZUxfQi01eUFPS3kyMFNvRHBUWHE3U2J6MUxVckREc2NzVlhXbUxnWG1vbHJOTkNHNA?oc=5,HIGH
YF_FTSE100,Yahoo Finance,2026-10-01T22:08:01.860110+00:00,market_data,Yahoo Finance daily market data — FTSE100 (^FTSE),https://finance.yahoo.com/quote/^FTSE,MEDIUM
SRC_2A61865B4D,Neuberger Berman,"Thu, 01 Oct 2026 13:25:17 GMT",news,Cruising Altitude: Growth-Focused Governance Reform May Propel Japanese Equities to New Heights - Neuberger Berman,https://news.google.com/rss/articles/CBMiigFBVV95cUxNTHZqRmoyWVlUWWVQYzdQc3o3VWQ2SWVOdXF0aFdSS2hNUVpDaUhLR1d5WGhobXE3WW5zR2VlN3p2Z0gtd01XX3ZLdFY1WFg1U1c0ZFpPMnhwU0JhdDVPR2ktdmFSWHpCUHJHOUVUQngzTEFSLVAybmpYYld5S245S3lDRFN0ZXctWmc?oc=5,LOW
SRC_436725B059,Britannica,"Thu, 24 Sep 2026 05:00:00 GMT",news,Nikkei - Britannica,https://news.google.com/rss/articles/CBMiY0FVX3lxTE5aV1ZNVjhVajBTY0xfQnZtaXlZQnl6NFBsNUh3bGg1MlNvWGk0SVNrRW83REMtRW5RWlVyTzVDVGR6TU5xbVpJOEk1Ti1ENnN2NWRBWHIyenhlYTRwVjltT29ZNA?oc=5,LOW
SRC_40265FC459,BBN Times,"Sat, 26 Sep 2026 00:57:06 GMT",news,"Nikkei 225: Tokyo Benchmark Slips 0.12% to 65,606.71 as AI and Chip Stocks Continue to Cool - BBN Times",https://news.google.com/rss/articles/CBMiyAFBVV95cUxOcU1oTkNuakVYUGRPNVV6VDd2eHZ3bnBTc2F4U2EtcFRSYzRKN2xzOXZpbnU4NnJLeENFVFlPRGJoekdPS1U1UE9DWEpMWkZyMlBjbTJNTDFzakN5bkswRlc3WmdkRE9wMWk5bTJUekR1MG9iRUpsaERNcGx1bWRsdnJSRlVSeVZPMGQwYmNhd29IdkpkaFByV3pBSktVbXpnNlQ5akJraEVPdEdZMXFmUlNhN0hIMDFfSzlLbjFGdWtmcmlRWUs3Ug?oc=5,LOW
SRC_055CE0E701,Eurasia Business News,"Thu, 24 Sep 2026 22:11:30 GMT",news,Asian Stock Markets : Japan Rallies as China and Hong Kong Slide - Eurasia Business News,https://news.google.com/rss/articles/CBMiqgFBVV95cUxNYWdaZFNCczZDcUlCSncxeFQwWFlUVVIyMXZaTTdrT01XekF1MFlNT0lpTGZGQkhsb21seHlUMXg0OU44LXcyeUQ0cVFKNHJzc2JuZlRIQnd0b3NLM2s3eHNsV05jUXhlRHFKS3V4cEtUbk8yTml1bDJud1FvRXNoemRueHRGOTdkT0p3Wk80M2thVklrYkZUZ3dtTGhxOFJLNlZueWVHUXpEZw?oc=5,LOW
SRC_906D75CBB9,marketscreener.com,"Wed, 30 Sep 2026 07:09:31 GMT",news,Japan's Nikkei rises nearly 2% as AI-linked shares track US semiconductor rally - marketscreener.com,https://news.google.com/rss/articles/CBMiywFBVV95cUxNbEFPeXlodkJfQkNNOVhlcjlFenFxa3FLU0U5Wk1meEM2NVlGd2xhTzJDRmd6N2pfOXQteXRGRzR1ai1uUDNTU1JvMWpiUUs1bVAtWW00cHJrcUxMeFRKMkp2X3h4aEhvU0hRMGYwVk9nUVRYQ29fbkhpMmxrTThOM1NXYlFSbE9GaEpCQTJOWjlYemtqNDhmZlVIQmpWejNaZ2p0S2tqLW9NbUhmMGc0YWo2NldheDk5OGxhVXF4QllKenFXZkV6QmpUMA?oc=5,LOW
SRC_1EEE1DF207,EBC Financial Group,"Wed, 30 Sep 2026 10:03:00 GMT",news,How Can a Japan ETF Move When Japan’s Stock Market Is Closed? - EBC Financial Group,https://news.google.com/rss/articles/CBMic0FVX3lxTE1nY3U3QkRDTmx0Xy12SWVKYzV1ZjNnb1EwaGdhMmJQXzBrTTdmbjZhUlhHX01vQWliU2c2ZkVKVUZWTWFrbllUWEtYZ1NnNmx5MFE5QnpkRUdlYzRYRGFOSUVrTVFXTUpLQ3U1bTRfM1htSTg?oc=5,LOW
SRC_B12DC20285,TradingView,"Sat, 26 Sep 2026 15:53:02 GMT",news,Micro Nikkei 225 Index Futures (Feb 2027) Trade Ideas — SGX:NSG2027 - TradingView,https://news.google.com/rss/articles/CBMid0FVX3lxTE5Pb3dGbGFtV1lJOFdGYlJLaXA5cUNUb0NxOGppRk41RjNkcVViVGlNQkk3dXpHUFh0LTYzSmZrRl9Wd0w2emkyOF94d2ZwNUlhcVc2akFXSzJMTVh1b1FGV2d4OFVSamxpdjhpbU9tX1k1UzdXaDVR?oc=5,LOW
SRC_B39A986A55,TradingKey,"Tue, 29 Sep 2026 07:00:08 GMT",news,"Japanese and South Korean Stocks Close Lower; Nikkei 225 Falls 0.6%, Kospi Drops 0.27%, Samsung Bucks Trend to Rise Nearly 1% - TradingKey",https://news.google.com/rss/articles/CBMi1gFBVV95cUxPak81Um5rNDZ5cDlZUi1lOVEyYUdJWmxWWXp3SGt0bFZlVlpaSUxqbmM0dGxnOVFsNHdXRTg1VUFUMFFkaDc3bDJaZll5aVZTVjh6bjR4ekZ3dklROHdlUnBVa0JkbkNIMHMyd1dJY1I5THhPLXN1Sm5EUWwzT3dIc0lNVGRlak9Kb202ZmVWTFNhWXBpNDFSSDlvNVg3bTg1VlBlZldGOFlHWkpmcDZVSF9seU9sUmw3Tmk0TEh3d2Iyc25mYm1yQVR3MG4yUXNhZER0UFhn?oc=5,LOW
YF_NIKKEI225,Yahoo Finance,2026-10-01T22:08:02.767639+00:00,market_data,Yahoo Finance daily market data — NIKKEI225 (^N225),https://finance.yahoo.com/quote/^N225,MEDIUM
SRC_91C12C3E81,US News Money,"Fri, 25 Sep 2026 19:04:00 GMT",news,6 Best Robotics Stocks to Buy in 2026 | Investing - US News Money,https://news.google.com/rss/articles/CBMiiwFBVV95cUxNWUlLMmtvOFZqci1PMmVKaUZCWWlYVEt5OHhoN1dWNHh2Tmw4UDRGalhSaVBmQlYybTZTaGFkSjNqS1BsRTVWUEJieWpnR29nVHdhcloyWEdxcTJ6RmphSUt0ZzZnb3JTUFNkUll3X2JPdTBGZWNPTTB5N0RxUlVvTEFSRVFONTN2ZkpZ?oc=5,LOW
SRC_A0A54D2317,Simply Wall Street,"Mon, 28 Sep 2026 10:55:50 GMT",news,3 AI Robotics Stocks To Own In September 2026 - Simply Wall Street,https://news.google.com/rss/articles/CBMiqgFBVV95cUxPTnA5SXVTNWYtTGlxWU5BcXRRcV80T1ExR3dFNUF1RlByQXNKTUl2eDlqY0JlLW9URGZqZl9XenppREM5cEs1ZXB2eWF1dU0zTTNZSlV3Y0lWekppaDNRWWtaVE04YzF0azlRelZTWFJFUW9NWlloUkN6bm1McW5Gd29KU0JhQnVhY0FzVEIxSzU4Z01wTUtveko0MWNKTThiUGJoTnlzbU9jd9IBrwFBVV95cUxQZU5rTHpkeWNVTm5XcVkwbWN3dGZ3cFFadE1pbnJQLVlaMlVxWlhNSVVpR09IMDRUUUMzekxpMThUdFB5QWp3cG1uN3JtdjJMQjB0enhtUUZZN29SM2pGM2NwRkVtdmpMTlJMdl9qemhvcVNaU3FHMUxZb1NoMjU2WDFjc3ZaRFhqSXoxcFlrSUpBcTd4NV9TcHVUcDNTTnpQVkdpX3prMWFLNUtWME9B?oc=5,LOW
SRC_6CC1332C30,Stock Titan,"Tue, 22 Sep 2026 11:37:00 GMT",news,Humans and robots may share work in YYForce's 2030 plan - Stock Titan,https://news.google.com/rss/articles/CBMiuwFBVV95cUxPOGJXQzFkUWFQdkxjNmRBSGduUkZCc09VZUNIZ0F4TmtnUmlVRnZiWU9HbnFFdHREN2tnbE8xRGsxNVRFekU3QUJJM2hBWWJKeG4wLUNDTDRDaTdnVWpGZ3ZiUnh1b3FhT2tYaXJFU05ocmxUM1RJckU1bDdMUnNIdzZ2ZlBKR21aZGhQY0ZMb09iU0JMNTNZZXJGX2l6SXo3UW8tcEpMRDdXYTVKNGxsUUxNNFp4WUNYRTBj?oc=5,LOW
SRC_F696C10743,The Globe and Mail,"Sat, 26 Sep 2026 15:35:00 GMT",news,Prediction: Robotics Will Be the Biggest Opportunity Within the AI Supercycle. 1 Dividend Growth Stock to Own. - The Globe and Mail,https://news.google.com/rss/articles/CBMimwJBVV95cUxNZDQwQmRESmYteWpEQXNRa0d0RUxTU0pEdUMza185SG94RlgySGxrU0tQZkc4R3c4Tlh5SGdVdklqMWtHM2ZISUg0TEo4T3g4bWdXS3k5MjEwT2EwZUh2VGYxOFlZX3pNV0F5YjB2RlNzeEhQQXBvRWI3VFVSUlZ2MmtFNVBsSjdzUjBmRVVQWHFHV25KVklCRGVBUndfcm5jaVNoc2E1RmkyLUZsZVlPWnFjZ044UzlvaGNWZm1PNVBGQTRDWGJEOVhkVXpiVHFMelpRUE85eHVscG9kU2JTYlRZZm9SM05RV3oyWVd4bHBfdXdLU1J5TzNFRHVOZmpTank4MEpfQV9wVnBmMzJENTRKREZjR0ZOWVlv?oc=5,LOW
SRC_CDF5043BBA,Investopedia,"Wed, 30 Sep 2026 18:35:21 GMT",news,AI ETFs Explained: What Investors Should Know Before Buying - Investopedia,https://news.google.com/rss/articles/CBMinAFBVV95cUxNZ1ZVYTFnMG5tQkt3eUdlUGVGRWQ0dWdzTlZsdUtqVGpydXk2dVJGc2xjS2dZekxJTzZpTWt1WUJWeDhTRnpoSGQzX3BwNGN1cXoxSjk4a0tpRGhJUmhUdm5HYllZWUhZM084WEE3bVZad29HbEhfNjhUY181c09zMWZNN2wwMTN2WkFBZWxCdUpYaWUwUVNzQUJNTjc?oc=5,LOW
SRC_ACD93A64EF,Investor's Business Daily,"Fri, 25 Sep 2026 16:56:00 GMT",news,"This Physical AI Stock Finds Support, Eyes New Entry As Earnings Gallop 76% Higher - Investor's Business Daily",https://news.google.com/rss/articles/CBMisgFBVV95cUxPY3pzVENwazhPNllrdDhFUzhHLU5Wam50RWFZdXZCRThXeV9pMWk1Z2g2bkJGUENPSVNSb3dRdTRjZlI0cDllMEFwc29iLWlOYUNsN1AyNzlpRnkxR1ZsZ2RqMk9VZGhZZ3VlREZRQXVvY3FCM0dBR0hYYXlsQlJHdHdqVmR0Rkt1ZVhYTllhckxTYlBndGVGcFFUdkszYUNfYk5paVVKVk9RTElyNXFvWmNn?oc=5,LOW
SRC_5AE95642C8,Yahoo! Finance Canada,"Wed, 30 Sep 2026 22:11:03 GMT",news,"Global X Robotics & Artificial Intelligence ETF (BOTZ) Stock Price, News, Quote & History - Yahoo! Finance Canada",https://news.google.com/rss/articles/CBMiUkFVX3lxTFBwalZtVExybmFFaThkWUJWekcteFA4Sm93eHVXVFd3SzQybm1DWW5SWnlyNUcxdkhpbUhzbU55eXpidTh1ckNZQ0Z5LWRveXdBVVE?oc=5,LOW
SRC_BEFAA0E1B5,thelec.net,"Thu, 01 Oct 2026 09:31:16 GMT",news,SFA Maps Evolution of AI Robotics After 40 Years in Automation - thelec.net,https://news.google.com/rss/articles/CBMiZ0FVX3lxTE5ZcHpZaUxseTR4QnhveGszRzVxVVFqdi1ZSlRfYnU1cm5YZWMzUDJfZzJpamhacWlYOGxGSThYZGc1emJXcWhRSzFZRzRoV3hTby13cWhYanJCb2EwOERZY3BsbHNpWUk?oc=5,LOW
YF_ROBOTICSAI,Yahoo Finance,2026-10-01T22:08:03.626184+00:00,market_data,Yahoo Finance daily market data — ROBOTICS_AI (BOTZ),https://finance.yahoo.com/quote/BOTZ,MEDIUM
SRC_E7FACB0FB3,US News Money,"Wed, 23 Sep 2026 20:14:00 GMT",news,7 Best Semiconductor Stocks for 2026 | Investing - US News Money,https://news.google.com/rss/articles/CBMiggFBVV95cUxPdVlocTJ6U2RLbGpQUnpwLWxwSjQ4ZlI3cjR5U204TDlkakhISEo5d3ItaGFVQ1VSdk1UdXBFc1JGYnVqT1ZoN2RKQUREM3dxeDRYbzF5Rl9XeHl6WXZzWWNkY1NRS0pvd0RDYVVLbFRTNHdzR2xyZXpaam1naEc3Y3dR?oc=5,LOW
SRC_14DD682114,Yahoo Finance,"Tue, 22 Sep 2026 07:00:00 GMT",news,"VGT Holders Bought ‘Tech’ and Own No Google, Meta, or Amazon: The Sector Rule That Decides What’s Inside - Yahoo Finance",https://news.google.com/rss/articles/CBMikgFBVV95cUxPMzRUZnhJOWdaNkpTYlBnbTdhdkw2QWkwRXVXN3RfRU9PV3RHZHUycW8takxRZEJXYjhxeFNZVWlmYnFOajN0ZEZSZDJ4bDJ4andtcEJLcWU4ellwdmRselU0Z3BmWC1iMDZETzFsZ2swRjl2QVBsWHNzSklMaG95Sjg1bGxBM3VPVHZWbk1LNDZfZw?oc=5,MEDIUM
SRC_4A92D62F56,fool.com,"Tue, 22 Sep 2026 07:00:00 GMT",news,iShares Semiconductor ETF vs. iShares U.S. Technology ETF: Which Is the Better Buy Right Now? - fool.com,https://news.google.com/rss/articles/CBMi0gFBVV95cUxNdVJnZHZEVFBXZ1VIRHU5MElPZ2tNaVJrZzhFSllaMTNoZTRyTi1UMGZTWUJYbkJTQmRzSlMyanhUd2E2M0lOY3I2aThqZWRVM0dEbi1UVGZDV25MYUxlM3JRVGpQanoyam1SZG1yOUMxTExHYkxqVzg5VmpqWHhmbkd1UENkaXhULWp1Q0FtSTQyVjlwRHVvY3pvQ0I0NkNocHlvdENic2poVUJ5bVItcU1pOGF1dWpkdXVMTFV3MUJwbjZZNGx6N2hYblFsbXV0UkE?oc=5,LOW
SRC_67BD36BDE4,South China Morning Post,"Wed, 23 Sep 2026 07:00:00 GMT",news,"Trump sells tens of millions in AI, tech shares, led by Microsoft - South China Morning Post",https://news.google.com/rss/articles/CBMisAFBVV95cUxPTVB6SUExOVNGN2o3bVM0ZFdJR1hTblpSWWhVT0t4ZV82Uk1QS3ZWd3FBM1hqb28xbVZpTHdQcmRGM2dRbThNdnp0SHptc1ZtS0pMQmtQS0I5bTVNRzg0VHQtLXVMZ3lQQVp0UVZ1ZFAyM3hyT1ozdWlxRVBNRTVyNHd5LVdyUnJ2RjlHLXAxd0VTekhtYlZmYUJFemszSkxjcDBnVGpsVWlPRWdzVEFhdtIBsAFBVV95cUxNTXBYNjNqTThabEN3R2xRZjRxams5bndGUXNNbXZwMDAzZFRSSjhiNEZqRGQweDhtZDBrd2pZNFRCU2Rqd2hNU1c1RUF0aGw5dGRyX0NjdWIwWnhLeW1relYtcmZRcTZZdHFPUkhpazFOamh4VXVlVDdtRmVEcHZiZWdNMUhFTHVSZGd1NGd6bEZqazNOWnhJMXVqNmNmdWRYYlZkbzkzZ2hVd2MxTHRXag?oc=5,LOW
SRC_183D96153C,MarketWise,"Wed, 30 Sep 2026 19:00:00 GMT",news,AI Agents Are Creating a New Cybersecurity Boom: 3 Stocks to Watch - MarketWise,https://news.google.com/rss/articles/CBMilAFBVV95cUxPQmNMMFVQN2RKU2l5NXl0ZC0wSG5qZzY4dW5ReXhpaG0tc3JFSTZwSVo2QVVGQUV0M3hNNXFHNlhDdWJnYTl3c05PM1ZRdjZhZUUwMDhRb0dQbkkyeDV4c2J6SFVWOHFDaDNqNUN1RWs2aHc0bTZRSkJ4SElJQ0hkbk13aXJOMndaeFpyWmJ6bHgzZlpw?oc=5,LOW
SRC_D53ACF491A,Investopedia,"Wed, 30 Sep 2026 17:40:53 GMT",news,How Artificial Intelligence Is Reshaping the Nasdaq 100 - Investopedia,https://news.google.com/rss/articles/CBMimAFBVV95cUxPT2kzTzZ0QjJqcnZISEx6WnB1a0VERnJERnNzRUFQMk5xelhRVUtXZ0h0dkRIVzRnU2JteFlPUDcwY1E2aTlfa3pBU2tBd1pSZU9EenZWU19aNVRKdjcwdUFfZmpXQ29NSTEyZzVqLS15c0dfZWJLbjVyWG1oaEFuTHB6OGxianBHaDloZmQ5elp3MmljWGpIVA?oc=5,LOW
SRC_3121DE144A,조선일보,"Thu, 24 Sep 2026 03:05:37 GMT",news,Pelosi and Trump's Divergent AI Investments Highlight Party Divide - 조선일보,https://news.google.com/rss/articles/CBMijgFBVV95cUxQQmVKUG5ObEYyT1BYV2d5N1pkV2h0cnpfaDZLUExXZ29rbU1oMlhKSlNWSFQ1VkpkdnhSeFRjYXNfaTdSMW9hT3NGYUJsOTl2dm95d0JPSThZVzg3dzB0LUhtMzI5d2xQM3BUS0g4LVctMzFpZzd6SGw2LWZFcXAxbnp3TkhZYUJOQWVXckJB?oc=5,LOW
SRC_4236C6EFF8,Zacks Investment Research,"Mon, 28 Sep 2026 07:00:00 GMT",news,Best Artificial Intelligence (AI) Stocks to Buy Now September 2026 - Zacks Investment Research,https://news.google.com/rss/articles/CBMieEFVX3lxTE5wSGYyaVJkMGxYb0VoVEV5Nl84Y1g3UmxvV2ZGZ1ZkUmZNTmZ0TzkxZS1fNUl4eU03V3hJM1ZrVWxOempfVGNJdGowX0x5UHRMTjhWYnhqT21QSTJiWHlodkRKVmpWYllwQUhOLUxKdjRodzAxeDgxTw?oc=5,LOW
YF_USTECH,Yahoo Finance,2026-10-01T22:08:04.496540+00:00,market_data,Yahoo Finance daily market data — US_TECH (XLK),https://finance.yahoo.com/quote/XLK,MEDIUM
SRC_03F927C8F0,Utility Dive,"Wed, 23 Sep 2026 07:00:00 GMT",news,Efforts to curb data center speculation gain ground across the US - Utility Dive,https://news.google.com/rss/articles/CBMiqgFBVV95cUxNME5lelpIcEJDSWZ1X2hFTHhTSm1HVUFvTmJhRl9IT3RTbW9lNzUxalR6NGF4SThMa2ZraThFVHFzRDVOOENHNDVNaHNZdm5pa01CVlR4NG0xU3pkZnhDSVpydGotQmk0SS1IUU9RX2hUclgzZXFUS3dJR3BBcGpxczZPS1MzM0lWd0VrX2w3bkQybUc3c1BLa1hLdE9wbWg1WU11UWhtSjdSZw?oc=5,LOW
SRC_16F88CA928,Lockton,"Tue, 22 Sep 2026 07:00:00 GMT",news,Powering the AI Boom: Building Resilient Data Centers for the Future - Lockton,https://news.google.com/rss/articles/CBMitwFBVV95cUxOOEpVektfWjFha0FKQjJPWmRTVU02SzV1RV92a3lTZlBVVGJEWW1WSUhZODFqT28tZW1KaE5EYzBEYWhSbWFmaEpaU0NldEVvVml0cG9QVUVTRGg0M3NWMnJFR0swdnRLNGo3ME44Y2VKRU8xVlpKRDVXTHhkR0twNnFxZmZDVF9VMS1jZUJyUlo3NnpJNUNkQlNIaGhVd1JvWXdpdEtiRGpsWDN4U2s4Nk9vbnFDVGc?oc=5,LOW
SRC_9E1E41F214,US News Money,"Mon, 28 Sep 2026 20:23:00 GMT",news,"7 Best Data Center Stocks, ETFs and REITs | Investing - US News Money",https://news.google.com/rss/articles/CBMidkFVX3lxTFBQVlEtUGdBN0dkZkI1N0d0djdKN0xzVE10N0xBemhGQ2lJRHVfSjY3ZGQwMDhxZGRCb1B0b21kR1RNTFJxbHV1d3c5WFcyVF85ME5NRjRwX3hZblNZelFrN3lmT0hVdWIyVnM5MnhBNG5vS2h6b3c?oc=5,LOW
SRC_89F987458A,mei.edu,"Mon, 28 Sep 2026 20:10:40 GMT",news,Gulf AI: The War as a Catalyst for Deepening Regional-US Strategic Tech Cooperation - mei.edu,https://news.google.com/rss/articles/CBMisAFBVV95cUxORlg4SE5HU010MEVyWjhJaWlpQzZXZU5aUzVzSjJVV01wbUZSallQaFhSSlFTdzN5MkV0ZUctaV9UdjZDQXlIQU1PMkowVDN4b2djSS1ZOERYV28yamFXTElCT2QtN25kejJ6bXM4M1dFdjh1QVlQQ1VmSHNpU19MNjd3SERkVzBzWXhFNHFCbGNkYk42QjF5UURWcGo1bXNZUEZGZ2hVUzIzWDJLSk10ag?oc=5,LOW
SRC_9C039307FE,SemiAnalysis,"Fri, 25 Sep 2026 15:58:22 GMT",news,The Chinese AI Infrastructure Boom: Introducing the SemiAnalysis China Datacenter Model - SemiAnalysis,https://news.google.com/rss/articles/CBMifEFVX3lxTE5lRGJYX0NXcnNPdXdvcU1FSDUyUWVKbTE3dmNDZWJVR1YyM3dGa1Rjb3RfSjNrQ3B0ZGd3cUMtSlpkUmpNME40bHlEZnBxdmZjMWxscFFVZE1zWk9NVkk5M1Q5bjBJZU1lbVJpSkNzeVhQVmpkNUtTZHVwc3c?oc=5,LOW
SRC_0920EB56C1,aljazeera.com,"Thu, 24 Sep 2026 07:59:07 GMT",news,"China vs US: Who is winning the AI race, in four charts - aljazeera.com",https://news.google.com/rss/articles/CBMimgFBVV95cUxOWkdlLUZ2Rm0tM0hEb2N0YTEzY2JPclkxTDRhT1BZRWh6X1czVGZZWGlXUmhEMXJVUWVGdzZNUmdyVmRGV0Q1RDlvSy14SXZvVERyZGJ5V0h0WVRxTzczalF5V1JRN1BBTmJFOVF3ckhBZnNBVk5JMURVUDRIRG9mMDJHVUxqQU1VS2tKQTFWVGlmNHFoRF9ENV9B0gGfAUFVX3lxTE5HMW5rbjhXbmVGRU1HS0xXMzNiQlNqZ0VuRm9qSjRiZm9fR2hLNGw5QjNqWDJMOTdXR0JiR1huN1pNWkExZHVPOVJlVm9tYlJPUzBNS3VwRmtSekc2MFlJRjZyZzZmNnRWbHhyNmhLX2U3TWF2ZE5YSVp0ems1eXVXaFBCR0ZJRTlXOGl0ZHVWTUFmUURDSVN2aGk0TV8zSQ?oc=5,LOW
SRC_C55AC2A4F0,datacentremagazine.com,"Wed, 30 Sep 2026 07:51:56 GMT",news,Top 10: Cloud Providers - datacentremagazine.com,https://news.google.com/rss/articles/CBMia0FVX3lxTE9lMWlpODZVS0k1MXpFU0dFX3o5Z2FNY2pNbFpHSXJPQUF3aUhTeERTdGhaWldjV1pxQzNsUnJubTMtSkZkOUQ2cjNIVmlPSmdNN0FWeTBwTXdNSGQ2ZnZlbXhOOXUzTS11a2VR?oc=5,LOW
SRC_5DE96E712C,PR Newswire,"Tue, 22 Sep 2026 07:00:00 GMT",news,"BDx Breaks Ground on 640MW AI Data Center in West Java, Backed by 845MVA of Secured Grid Power - PR Newswire",https://news.google.com/rss/articles/CBMi6gFBVV95cUxPX0gyMkl0V1ZsMy1BWHhrMU9vNEtxZFc4UEVQdkM4elRlZDl1WnNVYXgxRm9HZ2FtbjdORWxJMi1LdVFucnhpZWFwX2ZDcnp6VDI4NnJrUHBkRVF3OWV3SHhpRk9vMEVsLVFUUmxNbm5kdU5PakZjYU02RC1HMnNZYjBfdmxRWUFGNFd3M0VLdlQ2dVRqVm9wUTM5SlI3NDBWbkZCZFZ2N2RYdm5QZklNRC1BVW1EaGxENjN1RjVzcTRER2lYa3RhYTF0dTAtbUIxbXVRcDBISXRPWVRoTUZZdVpaVGpqc1o3R1E?oc=5,LOW
YF_CLOUDCOMPUTING,Yahoo Finance,2026-10-01T22:08:05.314138+00:00,market_data,Yahoo Finance daily market data — CLOUD_COMPUTING (SKYY),https://finance.yahoo.com/quote/SKYY,MEDIUM
SRC_6DF315D9A1,24/7 Wall St.,"Wed, 23 Sep 2026 07:00:00 GMT",news,7 Cybersecurity Stocks Riding the AI Security Boom - 24/7 Wall St.,https://news.google.com/rss/articles/CBMimgFBVV95cUxOY2oyM0p0U19UWlBQa19OUVJMeU53LVJPTTdGMm5oT2NESUE4dEZZek9kaXVEdXB2MnJPcktqckhJai1oaGY5VENXREFlbVptN0dFdzhwb2NhOVBvRTlfcEtvb0NCdFdqQW5FcGd5ZVdyVWliYXUxWENkdnlneS1aTE5OLUcwRGtWVXo2N3UtYjRNeGJsRzU0YW5R?oc=5,LOW
SRC_5A70B9DA79,Financial Times,"Sat, 26 Sep 2026 04:04:09 GMT",news,Cyber security stocks are pumped up on P(doom) - Financial Times,https://news.google.com/rss/articles/CBMihAFBVV95cUxObDhzWXVIMzktQmN4QnB6OVRSZ0xVRmpDTUlJWjBuQU44NHdhbExwZXFSeS1vUnpiQ0d5SHVabjJrTlpESHItd0xCampza053WUYxWEk0WkZTTmtNQXV0RWVueE5EU0J6ZHJZbmlxZVFXSzFKYi03a3c1TWEySVJEV3JJYnY?oc=5,HIGH
SRC_1B05096AC1,Yahoo Finance,"Thu, 24 Sep 2026 07:15:43 GMT",news,3 Cybersecurity Stocks Investors Are Watching As Defense Supply Chains Tighten - Yahoo Finance,https://news.google.com/rss/articles/CBMiqgFBVV95cUxObzZaa1ZqT2J4MnFuQlVqVUZEWVdHTzZFQ2gwTzE3VllSNTVvU0JGNF9OSnZER25EN2VLdzFWbGZEbVJLY2Qwd2xpWUI2bTh0TV8yWjlUR2hjTDZaNnhfbTk5aFIySW5Xall0eGZ0MFcwNTNJQUdKSURXU05lN1RYc3h5QlExMXBxZVQ2anpnOVJwcXNKTGFVSmNsa1YyVHdSalFRYlFkWTExUQ?oc=5,MEDIUM
SRC_C35100EE66,Simply Wall Street,"Wed, 30 Sep 2026 22:59:05 GMT",news,3 Great Cybersecurity Stocks To Own In September 2026 - Simply Wall Street,https://news.google.com/rss/articles/CBMivAFBVV95cUxNU1NFdHJOLVo5MGdHcWJaeVFZTE9QbWxoa1Rmc2hXaWxfOE44REpyQ2ppWVRxeTZ6MUlwM1B3UlRnbmcyYjBfempRQTNxYUJUWG9UOXZWVDlGOVhjeHEwOHUxS281RlROZEk0VWpHRFIyc0ZWMnl0OVVxYnl5QU1GbGM3QWhxQWRhYUFDRFYzWUdsdG83WnVzVWEyUy03MjZUUktvOVJzeUh3TGVqbkxuUzg2QmUtZ21kNm9sedIBwgFBVV95cUxQZlp1LUpGcWt0Q3JjT3ZlNWx0bFJvQjNHdkg0RmRJeUdYVUloTGVVMm41Y3NqaGdfZGM1TlVPR3FTYWtFV0Rac2NjSGJqZ0xBZTVWQmlEOW5FMFNMcXhaTHZDeVBuNUZvYklTLWplNTQyWU9UTnUza1RQVmwtWnlaSVp2MS1XcFNDZHBrRUdDMUJkOXRROEZGWVNySGtsNVV4cjhsVGhLV0JneW9UUnl4ekEzVGRxRVY5RUxzLVJXYVNxZw?oc=5,LOW
SRC_D1301853B9,Insurance Journal,"Fri, 25 Sep 2026 05:17:43 GMT",news,Cybersecurity Stocks Are So Hot Investors Question Staying Power - Insurance Journal,https://news.google.com/rss/articles/CBMid0FVX3lxTE9IZGRmVno2c09rVGZuYno2bjIxLTQwOXlXckJpWVVXR2tVbHBRdUdWVnpzTk1tUFdjZ05DdUw3TkxaSUhuN0tVREVmeUR4OWE4ZFNnS2RFQVN6SDM0dDBENklyYndzSjF1WjhieWcwSmd1YVQ2QWlJ?oc=5,LOW
SRC_A1F8EB83A9,Investor's Business Daily,"Tue, 22 Sep 2026 12:00:00 GMT",news,Okta Stock Rides AI Security Boom Ahead Of Investor Day - Investor's Business Daily,https://news.google.com/rss/articles/CBMinwFBVV95cUxPaUxaczlFQmhhMVhyaFozYmZnYkh5U2gzRU1YQXZwTkIwWTFVZk54LVVubndyN3BuU3l1TUUzb01fZTFoanlPWWN4ODdQTHdQRV9iaXFuT21xQkFjTkJDcEp5LTVvMEJfb1I4aHpkZVhYTEVqSHpNaDNKQVZCdDJYMXEwcDZJR0kxZ2hJUnhrd0M0RHNJbkRzVzJPbWZLV0k?oc=5,LOW
SRC_AF18164583,Seeking Alpha,"Mon, 28 Sep 2026 14:45:14 GMT",news,JPMorgan’s basket of security software stocks outperforms as AI threats mount (CIBR:NASDAQ) - Seeking Alpha,https://news.google.com/rss/articles/CBMisAFBVV95cUxNNlQtZU9zVXpzbEZiQVFlcW9ZVDJKdFFlalRrU3ZUdXkzdHhfUldZVFBpMTR1NW0yUElfbWRqSllGSHMyQ3JGSjBUOUZ6LUNJYkwwM1hMYlA1Z0JidmdLSUI2TVVCR1gyX0RERWFsMzRNYjViTnp0bDhfaVhGVXpFaFFNRlcwcGdfbUV1ajBaZVQwTWhEODdVZFJOc3luV0ZUR3lmN2FITlhNZ0h6ZC1NWA?oc=5,LOW
YF_CYBERSECURITY,Yahoo Finance,2026-10-01T22:08:06.263638+00:00,market_data,Yahoo Finance daily market data — CYBERSECURITY (CIBR),https://finance.yahoo.com/quote/CIBR,MEDIUM
SRC_C7F5A3D8FE,FOREX.com,"Tue, 22 Sep 2026 20:07:05 GMT",news,EUR/USD Update: Will Fed Expectations Keep Pressure on the Euro? - FOREX.com,https://news.google.com/rss/articles/CBMirgFBVV95cUxQc1lzUks2QlVpMnd4NVpRWncxTk94UUkzdmc5XzgybzRnMFEwdVI1aFhkVVZGY1I2N3oxQmN6RWFWM2E1VzlhTk55MFpSVk9ta3B3Vy1UeTIyaFVMdXp6YjJ3bUxZQlJMVjk0M0drQndKdzVuMzE1cEVqX2xfV29FMnA2ck1zOHdLOXAxOXpVYW1OQ056NjBWdDdTNFp3V3lzVWNlTGtVckJBdjFGZXfSAboBQVVfeXFMUE12NDBCaGxOdWpnNk1vbEQzWm5nYVRxNXQ5ZlRLY1ZxSmN6T29qRlBkN2dNMDdJY2w2RUE0NlZTd2JYVmw0QXJ6UUVHX055VUQ3TUZobXFLekwwYWFORDR1eTdSVVVseGZiTEtueERFZGdqVHEtcU9zNm5EN1FHRkxRWHcwR1c4WkNvMzQ1QkFBNG9hWDZ1MGJGalZVdlFtTE81MWxWRWlMd3RBcldWb2xDOHJLOEJMdkx3?oc=5,LOW
SRC_729C408E0F,StoneX,"Tue, 29 Sep 2026 11:51:34 GMT",news,"EUR/USD Q4 2026 Outlook: Euro at a Crossroads as Fed, ECB Tighten - StoneX",https://news.google.com/rss/articles/CBMisAFBVV95cUxONzlLOGV3X25jdk80UEV1MHVCNjlNTVUwX19VemN5ZWNVSExGb3RPR1V2RHJnaGFNcjhXdjZ5bHM2andvb2Zqdi1CSVRRdU5haGNBc21JOFRoXzhrRDE2aTcwSHI0bUQ5Yl9GT0J0N3J3R3J0V2ZTRG5CWjRWczFFSHhKYXZ6Tk5kaTkwQ1k4STMzSzRlMTNTcVlpeXo3cWV2ck9MbEk5SDMxSUp4M0FzbQ?oc=5,LOW
SRC_AC7EF41027,stonex.com,"Tue, 29 Sep 2026 07:00:00 GMT",news,EUR/USD Forecast: Euro Struggles to Find Support Even After U.S. PCE Data - stonex.com,https://news.google.com/rss/articles/CBMivwFBVV95cUxOX3dsbEc0U1RoVmxEOW8yLW5RZ2pVSUNEbGlQNUdYaW8xTzZoanlZbXVTS1ZJTl9XZ1lkdVFDanU2eTdNM3lSTXVTd1NsVUZMUWNUQUNOYzlKaVJjb2JpT0lVYU1UekZYMHBtdXN2cXhLTlhfdUhZOWVWZGlnRFJWcFNBMU1hVFgxUjVmWkt4ejVVa18tY2Z2X2tSVHZVWnJvYWtQV0hfTUR0UVEwSV9SN0hWSzA3OVh6ZVBCTkVQNA?oc=5,LOW
SRC_CBAD3471D0,FXStreet,"Mon, 28 Sep 2026 15:22:31 GMT",news,Euro struggles as Fed rate-hike bets overshadow ECB tightening expectations - FXStreet,https://news.google.com/rss/articles/CBMiugFBVV95cUxNWHRwVlp2SUxsVWNOaFJqbVc3Y25adUV0VWxzUkpZX0hFMVBEYXpnaGo0MkdfRFpvbGJaRFF5WHRjSDNSY0hLYjJ5Y3VodjQxZU1ncXlTdVl6b2U5MXBrZF9RcEpNcW9UZ2JxYTNZeXFFeUV4amNVYzdIdkZMQUR6VjJ3cWZfTjdmeHlOMmgwbGhodkxYMXgySmdaQlFJX25vZW5mODlBOXE3T0s5blRnQU1LRkhpOE12MHc?oc=5,LOW
SRC_203A277C8F,Markets.com,"Tue, 22 Sep 2026 16:06:00 GMT",news,EUR/USD Falls Below 1.1450 as Fed Policy and Weak Eurozone Confidence Weigh on Euro - Markets.com,https://news.google.com/rss/articles/CBMiekFVX3lxTE12OTNmcWN3elFvQmJqclRiTXFKbE8xRnhYc2EzRTR1MWZuMFBjQjJySXBUdkJFRWphX0RyUXA4aVBtNThhMUNfcks2Y2hlMHQyaDdJQzF5OEdXUXN2dUNBYU1jTjFaN0VCeXUxaWE2U0NmVHhxX01qOUJB?oc=5,LOW
SRC_D9815DE8E1,VT Markets,"Fri, 25 Sep 2026 22:30:00 GMT",news,"EUR/USD Extends Weekly Losing Streak as Fed Tightening Bets Lift Dollar, ECB Seen on Knife Edge - VT Markets",https://news.google.com/rss/articles/CBMi1wFBVV95cUxQc05keXFxOTFFY1hnc3J1dFZ2N0R5MXQ1TzBDMVNIQ1hiMTVUdFVBdEFnZHdMTTlOZUR5aUFXUU92ekRIQ1VYRGZSci1BYVBiWERwU2dmTDRoRE1qMGluZGo1eWhPU1BPNDczXzY2a2pfWEdFQnBta09qOFRudlZVLThSNTk1ZU43cWJsWTVaa0JCWmhDN1ZmaS1wcFhnNUp6b1lhc2FSOWxaZ2pKVVh3YVJJbDRObVFVdlpCVE9iRWJ3R1NFSTA0bUxmNVJrWG1UNFRaWlYxNA?oc=5,LOW
SRC_E45532BA91,Agefi.com,"Wed, 23 Sep 2026 07:01:49 GMT",news,«We anticipate a gradual appreciation of the franc against the euro over the medium term» - Agefi.com,https://news.google.com/rss/articles/CBMixwFBVV95cUxPdlRONWNDT2JiOWJSaXZHVVcyV1ZfWFNvUWZORGN4SGNTU3lpaUtXaXhJUFNjRXAycXJtbE5rNXJLZlFKMnRZbXlGVXFLdGpNcllwRUItT2lIdUlkTjBBUnZmWWkwUjl0alJtLUhHVUpmNEk1ZF9JZnlzTU9FaGdVVTYyeUJ1RlFFRC1rNmQzdm93MktlaHNMd0tIbzROa3JDYlp2bzBrRnB3U2VHYVVRS095OGJhTGxJT2t1OVFXMGhMSndLVG00?oc=5,LOW
SRC_D84A00A9D8,tmgm.com,"Thu, 24 Sep 2026 02:06:04 GMT",news,Euro weakens below 1.1400 as Fed rate hike expectations reinforce US Dollar strength - tmgm.com,https://news.google.com/rss/articles/CBMi4wFBVV95cUxNTWdQT2hSYkVDNV9zbExwUDJFUHFtSVoyY21hUUVJUzNuZGJ2dmhPMjhOLUJtQmYyQzY0WlJWUnMzbm9pdlRCMUtzSkVqS1Z2ZmExeXBmLVlXSzgyMF9sZHVXLXVBTnU3a2tKR0tEMVQzM3BHQmtRNlZ4RFVBN1FtMlB2M2cyY2dueXlfS1BkWmV3TzV5ZHdTdlI4TmJQc291RXZRcVNvRWcwZWJ0bVA4eFJQVGhoQ2RPdGxZZk82X0lRLVNjd2tBY1ZOTkhVZVF2bDNxYXpjNUNlQWlCU1oyRlF1TQ?oc=5,LOW
YF_EURUSD,Yahoo Finance,2026-10-01T22:08:07.056316+00:00,market_data,Yahoo Finance daily market data — EURUSD (EURUSD=X),https://finance.yahoo.com/quote/EURUSD=X,MEDIUM
SRC_F174886DDF,FOREX.com,"Tue, 29 Sep 2026 17:15:33 GMT",news,GBP/USD Q4 Outlook: Can the Pound Turn the Tide Against a Hawkish Fed? - FOREX.com,https://news.google.com/rss/articles/CBMiwgFBVV95cUxOV1AwUHFWMWpCSkY5NFF2MDJhcDRyQktUeFFlNHNWQjFDYkxmRERkMUFzS09sN2ttel9JVG1hZ25xNnJRNUMyUElzWTVQemZJRk13RHZDeVk4U200UUd2T2l2cVA4ekhqaUFlc29lZXEtenlMeWlVTXhhZ3pNRUQ0QzNVdlU2WTU4dU9jdFFnajBMN1ZwSEpxeXIwRHBKUUFyTmtGdjdhdTRORnRKejh2blBHMXZDM19TamMtNjJJUDdad9IBwgFBVV95cUxOV1AwUHFWMWpCSkY5NFF2MDJhcDRyQktUeFFlNHNWQjFDYkxmRERkMUFzS09sN2ttel9JVG1hZ25xNnJRNUMyUElzWTVQemZJRk13RHZDeVk4U200UUd2T2l2cVA4ekhqaUFlc29lZXEtenlMeWlVTXhhZ3pNRUQ0QzNVdlU2WTU4dU9jdFFnajBMN1ZwSEpxeXIwRHBKUUFyTmtGdjdhdTRORnRKejh2blBHMXZDM19TamMtNjJJUDdadw?oc=5,LOW
SRC_51F185D7F3,StoneX,"Wed, 23 Sep 2026 17:38:09 GMT",news,GBP/USD forecast: US dollar surges as bonds implode - StoneX,https://news.google.com/rss/articles/CBMirgFBVV95cUxQSDQ2WHFTS3V1dk94dm1oSU1rUVdsRG9LTU5CcnZCaWhWU3JrcUVEeHA4RF9VNE1XbWd4TTZaOU01TDFxbVFkWERrZFlnMXd4bmhwajJ4OTZJUWdaUU85UkdBN04zdnlXX0llM3VqR3pzSi1ZSFFfcUlmaDN4U2VPaHBuaXM3NUdNbk9lVDgyM0ZNa29xRmhVaWt4aXJqSktIMUU5WFNEV1EzTVp4X0E?oc=5,LOW
SRC_72BC7D2D42,Moomoo,"Tue, 29 Sep 2026 06:39:15 GMT",news,"U.S. Treasury yields remaining above 5% have weighed on the pound, pulling GBP/USD down to near 1.3250, though hawkish signals from the Bank of England have provided support. - Moomoo",https://news.google.com/rss/articles/CBMiogFBVV95cUxNcmtwVHZaQU4tS3AwVm9peGZYbFlBak5uTjZ6Nml3MTZZUzhMUm9pNzZtdDhvMjBleEw5RHR2cTA2ZER6MGJIS0otVHNOMEliTmNmVjEwS25QQTZfQkE5VDZHQW1JMVdCdDZhZjdILUhDM3lfbEp2Z1Fvak1DOTdmNWtXdnc3WXBTMWlleUVjMjJNNDRmUGUyb2hqUlNZMk1qRHc?oc=5,LOW
SRC_7BD849F57A,FXStreet,"Tue, 22 Sep 2026 22:04:34 GMT",news,The British Pound sets a new September low as Fed officials argue for more - FXStreet,https://news.google.com/rss/articles/CBMiuAFBVV95cUxNZkN6YkJPNnF4dkpqclpveVBaMm1nS1dwWFVia0lZRVlyczRBWU1FWWdXNWs4VmtNUWVMMnBTeWJYdnpLV3FWTVdzV05JS3VjaDdpSC03S2Z0eHBnby1SVVZBWDFJdlNoaDFFZFdhc2c4dTlsdkozeG56MFZQSS1MblBpS2FNMDVrSWZFc2NpWHRqWldjME1tTGdhVEktby1ld2lxTGNVOEkyY0hFQXR0QXZLNnI1VFpy?oc=5,LOW
SRC_FBD207FC7C,finchannel,"Fri, 25 Sep 2026 20:25:20 GMT",news,Why Central Bank Communication Can Move Currencies Before Interest Rates Change - finchannel,https://news.google.com/rss/articles/CBMi5gFBVV95cUxQdE01RE1CWXNLOTNMeUtPaWdmNnVObzNJSXp5Mnp5Snpld0NRN1hUaHZDOGk5QzNTM3o0ajM1YW5fVGVRblNtY0Utd2VZalM1UHhwOThQcUdmUHN6RUR1Z19mWVhiYUdCbnpiNFVfbUN6X09lU0ZNd240MEVQaFNjZnlteFJhTnc4ZXlxV2l5SXNiNUhDN1hMU0tyNEhwMGgweDhaYnVQNkJoaUFlbHZ6RUctbDlyWjhFNTlJbmdhcElvVDVwNGZ2YjRpenNKUmVpcEwxY0VRMmcwV0hwYlJCT2N4Y0FxZw?oc=5,LOW
SRC_C7FAB33001,tmgm.com,"Mon, 28 Sep 2026 06:34:17 GMT",news,"GBP/USD Price Forecast: Holds ground near 1.3200, near-term bias remains bearish - tmgm.com",https://news.google.com/rss/articles/CBMi3wFBVV95cUxOZExDeGdKZVUtR1VIczRybkJHNnN3dHRDTTBZcXAwS0dJZTRUYkdDWW8tM2FMeEsxVXAxNk51NGFMcm9NUklQSEtxZlV6MDRGOHpwVmk3enZId3c2elV2akxaZlFRMVhka2thQWZDcGU2UVNndUJkV0F6S18tUllZQTZ2NGZDV2JZbnphRGZaMzBOUEF3Sk1hV1BoeGVod09mdUtucDMtZHkxNWwtcEVXT2hvc2VFTXRRc2w5QU5SZERmUFItcXkzTDhaUFQ4Y0FQcXVLTVplN3psUWZHUnNz?oc=5,LOW
SRC_42B60CF315,FXStreet,"Tue, 22 Sep 2026 07:00:00 GMT",news,British Pound consolidates vs USD; bearish bias remains amid divergent Fed-BoE outlook - FXStreet,https://news.google.com/rss/articles/CBMixwFBVV95cUxPYjlIdDNOUFczUzJiSVFYdkozc2g3R2VBNUU3VXljcW1IMjY3b2c4MUQ3Vkl2d0VYNHFWbjd0UW9nRUp1SnhpaUVQVEFKLUlDOEFqRElwOVBkUnYtQUFkOFlvNWVVSkpmTkNwUUJhaTJRa1ZjdGNNVm9GNTRNWjdhaFd2VGJfVUk4cDU2ZXotcXk5LTdnRDVYeXdxazVOOU9fZzJXaFJmT2ZKaHBvemFaTVg2RXpjNDZFN0NqcmpPMVExWV80V3Q0?oc=5,LOW
YF_GBPUSD,Yahoo Finance,2026-10-01T22:08:07.929578+00:00,market_data,Yahoo Finance daily market data — GBPUSD (GBPUSD=X),https://finance.yahoo.com/quote/GBPUSD=X,MEDIUM
SRC_6C94B402FF,CME Group,"Tue, 29 Sep 2026 00:00:00 GMT",news,Japanese Yen - CME Group,https://news.google.com/rss/articles/CBMiYkFVX3lxTE9SSndJUzZfdkRVMnZ0alJva0Q0VW9SdVVoMFQ3UDZVcVIwdzhYOUNQWV9TcFRXbkRiVkN0c05NcUs0RkdWcGdsVXExdzkwLWpkV2VpcmZ2MWU5WE9lbjNYUC1B?oc=5,LOW
SRC_5B9CB6A701,Reuters,"Fri, 25 Sep 2026 03:57:35 GMT",news,Japan's bond 'falling knife' stalls repatriation rush - Reuters,https://news.google.com/rss/articles/CBMiqAFBVV95cUxPRG1BRVp6QjNMSmVsZEcwN1pwVDZDX1RoR2tBUG1DT2hhMFBQUHFhTnZZcWlOSHJVRThKamhGRkpFeWkyTFJaUG10ZW9tWDNSRzJUN3FDQnA1Qzd1aV9sS3hlUWtlSjJ3S0NQbXFISDN0Umc4Mnp0cDJQMVRsUEZjQS1hMnR5RTVqdlYyZE5fOWZQM0xxaDBsX2QwSUJHWnRkZ3d5OXN3dVQ?oc=5,HIGH
SRC_354A02CAA0,Moomoo,"Mon, 28 Sep 2026 06:40:18 GMT",news,The USD/JPY pair retreated amid volatility and may return to range-bound trading in the short term. - Moomoo,https://news.google.com/rss/articles/CBMiowFBVV95cUxNM29YaFBETnItYk9yX2w5dlAzU0lxNk5oOFlFYnZOenViUjlfYkxza2d1NXZyMmJpOXRYTi1oU192ck9jb3A0cDkzWUlTU3dseDNOLWlfX1VfVDdnVDdselkyN0hvN0l3RlRrZUFZdjVObnJWbVVtZ0J0aTBPQXlQb19XeTZqV1JGWnNyaWtmbGQ5YjJmN0lXaDUtRVpLZW5YaEc4?oc=5,LOW
SRC_F533AEA344,Yahoo Finance Singapore,"Thu, 01 Oct 2026 07:52:17 GMT",news,"USD/JPY (JPY=X) live rate, chart and news - Yahoo Finance Singapore",https://news.google.com/rss/articles/CBMiVkFVX3lxTE51bkxWa29BMmVkRUFJTi1PM1RSbk1yenZJR1VQbjk4TjdGSDZyU3d1bTFNRmZFbkphN0lpNXIxN0x0dE85VlV2TlYyTE9mSjNsc3BUMGx3?oc=5,MEDIUM
SRC_B48C0658B8,조선일보,"Tue, 22 Sep 2026 07:00:00 GMT",news,"""BOJ Rate Hikes Unlikely to Reverse Yen Weakness… 170 per Dollar Still in Sight"" - 조선일보",https://news.google.com/rss/articles/CBMijgFBVV95cUxOZHFLdGxyYUtjSWY5SGx6RzRsX282djhxbnZWRGk4ZEN3VW9KMTBtb1VDeVpOTzZaNTEwZkd6RFdHbnBNemwzenVHSkdTZW9ybVM0YUhkNXVIdWZDVDZ4REpDQWo2ZGpfaDU0UWRzdEN2NURxRC1HXzJrUzFjM25YZnUwaTNLcnpmdjhvTlVB?oc=5,LOW
SRC_B95FC047A5,Investing.com,"Tue, 29 Sep 2026 07:37:52 GMT",news,BOJ Raises Rates to a 31-Year High: Why Is the Yen Still Under Pressure? - Investing.com,https://news.google.com/rss/articles/CBMitAFBVV95cUxPUG9saG1XOTlIdU9wVnBzYzZVXzR1bzlnUWJVaF8weDFvSDQxV0JkTE1KQThGMzFIbHlFbXNrVWpKemkxQUY3OGZMWUNuUFJQTmhZSTlCMXJvaEtIV3JqbXRoQzhwSHdvTEtQWG0yUF9EUEpZelNab19ic2RXQzRyeGlDWHhxcmYteW9QcWlzc003NUVfRm4tb2MyYzMxajJoYTNjUWpLY3Rvd3BsUkJiU2RvTUU?oc=5,LOW
SRC_183A850B97,finance.biggo.com,"Sun, 27 Sep 2026 23:05:00 GMT",news,"Fed Speakers in Focus, Month-End Flows and Intervention Jitters Set the Tone for USD/JPY Ahead of Jobs Report - finance.biggo.com",https://news.google.com/rss/articles/CBMidkFVX3lxTE9taEVTdTlzMGJmcWlIWXh0dk1iejRmbEpidVhlY1BIWFRnZFU2UVBPR3lSdXhOb3UtTVJ6MjJ3Z20xZnloRjNIYjhLSEt3WklkQ3VGWm1ET0d4ejFWMVhGTWVTbVFjMWJlaVRLNG0wZ2ZKVWhwdEE?oc=5,LOW
SRC_35279375EA,Economies.com,"Fri, 25 Sep 2026 05:23:00 GMT",news,Yen attempts to recover as Japanese authorities remain watchful - Economies.com,https://news.google.com/rss/articles/CBMitAFBVV95cUxQOGxFVk84VWZmcnE2YTB0SlMwSmh0bFpTa2ZXNmwyWjE4XzdPS2FmR2psYXRqT2JoN1Z0eC0wNVpDQk9RT1Q4N3pDX0xOLUtLTml1WERTSUhlUE01V0hobUJLd3hMdjV5MFZUeVhISnJ4X3FyczJ4OHFYREVNM243d2hSTkxiWVRWYTk5MkxZai12WWRRc1RaTXh0THhrdkZidF9Zb0M4ZG9ZRkpDNXJaSnlFNmU?oc=5,LOW
YF_USDJPY,Yahoo Finance,2026-10-01T22:08:08.808786+00:00,market_data,Yahoo Finance daily market data — USDJPY (JPY=X),https://finance.yahoo.com/quote/JPY=X,MEDIUM
SRC_9799085DF9,CNBC,"Wed, 23 Sep 2026 07:00:00 GMT",news,10-year Treasury yield rockets to 19-year high. Here's what's driving the spike - CNBC,https://news.google.com/rss/articles/CBMiekFVX3lxTFBOdWdlRzQ1amd1REkyVENiM3pjTkhCQ1VIZTBRVnhlYlpiTEF5SFcwY1hpLTBxVW1tVGVvSjg2STNSenVIY1hJUWh2QmNQRFdYQUJ4UGFLeFNrV0ZHY1lzeU9GcVZyVFBQUzNSWE1Vb19NZE9HenR4YkF30gF_QVVfeXFMT2IwQWRCUkw5MGRqc0lueEV0UXlLQS11aWhhYWdyaFRUZjdraEFTZWE4NlJlYkJVdTFqVy1QYUs2b2d3TXNOeEY5UTBVNDYzaGZXYzBMdmpJQVdXQUlnenJPZENOTjhGZ2tKenJtYkFZUzZGcnJ3TERGckxNOGk0NA?oc=5,MEDIUM
SRC_353D190B26,Reuters,"Wed, 30 Sep 2026 00:47:37 GMT",news,Battered bond market braces for a new era of interest rates - Reuters,https://news.google.com/rss/articles/CBMipgFBVV95cUxQUFJEcnNjUGNwM1N4MlNkdG1pZ0VwVmt4cWhUZ2t0UkN4aHlRNzVyR3hCd2dUMG1FRWszT05VOUN4MUhDSGhXQUhIamhNWWJJNUpGXzZWcFc2Mk5Hcl9yNXBaaWVDVDlZQWg0d2xIRGl0RFhqWjJlR1ZORGlrNXRmdGZxSF9URFQ3Zzc5d2dER1g4U3hvZDZXMHNKVlhFaGRBRmRKRVJR?oc=5,HIGH
SRC_409F9CB96B,Cato Institute,"Thu, 01 Oct 2026 16:42:36 GMT",news,Persistently Higher Treasury Yields Could Add Trillions to the Debt Over 10 Years - Cato Institute,https://news.google.com/rss/articles/CBMiogFBVV95cUxObTdWXzNZSnFZckxLYy10cUx4NWxRTFZ2MUIzMW92SkI3dGxDXzJ1QmlnUnRPNnpPRVdkNzRwNkZHZW4yOFF3MkVBOV9aczdzdU9kenVrUFREZ3BCUVRmWWlWMU0tSHVRcVNmd21yNXlQeHJmMzI0RlVHdWUwQnRJSDVjM0ViMTlrZU45N0JjcFYwTEdBeERXeVhGR1Y3aHVaVkE?oc=5,LOW
SRC_7D5678D1D2,WSJ,"Thu, 24 Sep 2026 20:32:00 GMT",news,"U.S. Treasury Yields Hit Multiyear Highs on Economic Data, Fed Rate-Boost Expectations - WSJ",https://news.google.com/rss/articles/CBMikAFBVV95cUxObTFzZ3lYSmd4bGVKQk5TLXBfM3ZvRUtoM04xcXJfOHl2Z21ReW0wNjM4N3RXS00xZ2dGS082ZW1CQ1dtMzF4MXpKUFYxUUZ5ZWxxUkdDLWVQYjEtQlVTSm5tdzdFZGFrVVp4RHFvTzlVcENLc1FmXzRQYVhtU2psTXpMWDJlZXBOZ0FFTzhJV3k?oc=5,HIGH
SRC_8F77B7A494,CBS News,"Thu, 24 Sep 2026 19:08:00 GMT",news,"Why the bond market is freaking out, and what it means for your money - CBS News",https://news.google.com/rss/articles/CBMie0FVX3lxTE9TdmlpTmlrZWppS2ZjMHJSMll0aXF5Q2tYc1FRcmdrbldENHRiTW9RVE5QWVZJOEtRTTEzMmFfdjIxMnpGd1FCTmxyUnF6dUZDY2ZDTUpTc3N4cWlZRWo4RmFuVUdKbWRTYkg3blRvbjdrOVJwTXpkUkFaSQ?oc=5,LOW
SRC_37736C90DB,CME Group,"Wed, 30 Sep 2026 22:22:32 GMT",news,10-Year T-Note futures hit new lows as Treasury yields surge. - CME Group,https://news.google.com/rss/articles/CBMisAFBVV95cUxNbWxXZmF3Zkk3aVA2Tkd5NGRNcUdBOGpqTW0wS3BESmk1c21PcWlyUS01aGRBN0NPUEg3QmNNNktvSmQxSU5RQmNJYXl1Y2RWenpQd3hIU3FIazRSN29RTUdMQ2MtWjJ6UVNfQTJxTEE4RGV6LTZzeTBENUF0QU1MVENkXzY0ZXl3UnZVcEh2eUJGNzNPLS1rbE8xYnZrT2RzUG9mQmtNQ0NUMEhOTTRNZw?oc=5,LOW
SRC_269C61C492,NBC News,"Wed, 23 Sep 2026 07:00:00 GMT",news,Treasury yields surge to near 20-year high as oil jumps back above $103 per barrel - NBC News,https://news.google.com/rss/articles/CBMigwFBVV95cUxQZFVRcXhaN1BnRS12QWowdG1oZ1AtWDRWZWI1S056SE9MNWctNFM5dDlqcmRXWlNzXzdXbFE3c002V1FWQVhvVzlMWlJ0SFZNeFlhQkU2aURSXzI4SUZ0V1hRX3J6S2xlc21IOEZ5Y0FuVV9KV08zS01HUFZyZVV5WlJUbw?oc=5,LOW
SRC_4FD1CB10BD,Vanguard Corporate,"Wed, 23 Sep 2026 04:00:00 GMT",news,Implications of rising bond yields - Vanguard Corporate,https://news.google.com/rss/articles/CBMirAFBVV95cUxQSXo5d0VnU1A4OXRGQlNjM3hjR01hV21aX0VCb29oU3FadkdiRmtCdllON0VETHdnck9RLU42YTJxaHpoMEdSU29mNl9DUWVETG1YZHR3VElJYTFPVzktNEJNSGNVWW45OGhjSzF2WUJBUzhkbFAxSEk2UV9rcEh3NGkwc0w3OE5OWmhtUjlHN3p4b2FPeEZkRDBxZkc5Vy1FUTJYdVBhNXZzejJD?oc=5,LOW
YF_US10Y,Yahoo Finance,2026-10-01T22:08:09.779727+00:00,market_data,Yahoo Finance daily market data — US10Y (^TNX),https://finance.yahoo.com/quote/^TNX,MEDIUM
SRC_EF0E09DEE0,CNBC,"Tue, 29 Sep 2026 07:52:47 GMT",news,30-year Treasury bond yield scales to highest level since 2002 - CNBC,https://news.google.com/rss/articles/CBMiakFVX3lxTE93aHlqa1RYRElONmxCNDg5QVhVd0RpVE9MVVNKRnVpSEhYT1lPaFdmQWFSVXYxTmVmaklMRUY5QW1HanBIUHBOblJFamp0Z3VuU3FzNmgxUEc5VnVnbXZwNWFEaGlDV21iSlHSAW9BVV95cUxOU0tCbW1leGVnckp5VV9HeG5YczdXTmR4bHNSa040TWhzYzVpbTd2dlhiT2s0aTIyb0FQWjAzdzhaTW5oOGZhUkNvbDNZRGdlNEVOb3l5N013dlpCT0RGdlA0TC1Sb3NvczhHYzZQcXc?oc=5,MEDIUM
SRC_75E1D10ED3,CNBC,"Thu, 24 Sep 2026 07:16:10 GMT",news,30-year Treasury yield hits highest level since 2004 as bond market rout continues - CNBC,https://news.google.com/rss/articles/CBMigAFBVV95cUxQNUZ0WWI3VTlPbHQ3STNaSkxXYlY4V3VuWjl1Vk1NekZVVF8yc25tcEJCSTYyRXNwRHNQTDFIdDUwNjBZeDFKMVE1cjFYR2lKYVBhNVAzVTZwWDFJaHJVamJNOUw3c2daanUtNVJHZUwzdDJqYzJsLUdSQ2hhbEdDU9IBhgFBVV95cUxNbUlucHpWTkdaWTZyZFR2M3JFOTFEVFFFVHgzRXpDSlgzVXZMU3c2UG5VYzRKbDJpeUJxeWMzcVRCVWlfa0ZYc0k4N25UMk03MHI4RF95cW43YklydExmNkJhblZscWo3cWNqZEVLblVzSjBIbFdkY0FhUzdHX1JrZ3VVb0dhZw?oc=5,MEDIUM
SRC_942AD9B768,Financial Times,"Tue, 29 Sep 2026 15:20:54 GMT",news,US 30-year Treasury yield hits highest since 2002 - Financial Times,https://news.google.com/rss/articles/CBMihAFBVV95cUxOc3ZpSzBpNDlDRVpTcFpkQVFuRXFTdEJKQWdrU1RkVkQ4eWxRY3UxYS1PeTBCaGQwZmNMOUdTcU1WeC1SOGp2OG1fU2VRUTBMSFVTd1ZDRHJybnlIcnZ1bW1YM3dqazluakIxS0h0VGFMUWZwTXJTaURtaDB3R1dNNkpUM3A?oc=5,HIGH
SRC_74906FB230,Reuters,"Tue, 29 Sep 2026 22:55:48 GMT",news,Equities end slightly lower as bond yields hold near multi-decade highs - Reuters,https://news.google.com/rss/articles/CBMiqAFBVV95cUxQdU92dlh4cVhyZkhtcW9aOEZyZXAwWERYNFdFQXBZZnREZVQ5TFplZnZjMHc0TzFSUWQ1WDN6aEg4a2ROb0g2SmZEWjhENHMybG9OTGJ6cTFCNWlqczROREpCV0tQU2VKbUFXMnZYeDBNTTh0MWNYS3lPZjBhWk5rR0dYYmpDcUhNc0stakhtWkR5OXA1M09nUVFIUUJaVGQ2NnlhT0JBMXo?oc=5,HIGH
SRC_CCAB0D1E77,Yahoo Finance,"Thu, 24 Sep 2026 21:05:34 GMT",news,Oil jump sends 30-year yields to two-decade high - Yahoo Finance,https://news.google.com/rss/articles/CBMimAFBVV95cUxQNkxlWGtySWNXZ2NEYnB2VEFPNGFjVnZwVjAySWtVQnJ2cDVkR2RfUy1ieUF0eDZtQkFHY2tUTV9fUU1ZbDhKU0Q0ak53VkZJN0RoUkktSDM2OHFkZmJsTXlVQkQ3SlJZejEtT1AtT1libU5NdVZkVUw1T1BBa291SmRPWnFYMjlXS2YzekYxTzJPQmJvdndaYg?oc=5,MEDIUM
YF_US30Y,Yahoo Finance,2026-10-01T22:08:10.782944+00:00,market_data,Yahoo Finance daily market data — US30Y (^TYX),https://finance.yahoo.com/quote/^TYX,MEDIUM
