event_id,timestamp,asset_class,underlying,signal_type,direction,strength,theme,observation,quant_observations,catalysts,source_ids,confidence,sales_themes,market_snapshot_id,quant_signal_id
TR_0001,2026-09-01,Equity,SP500,EQUITY_MOVE_DOWN,DOWN,1.2,SP500 training market move,SP500 generated a representative down market event.,{'zscore_5d': -1.2},"['macro catalyst', 'market repricing']",['TRAIN_SRC_001'],MEDIUM,"['Downside Hedging', 'Risk Review']",MS_TR_0001,QS_TR_0001
TR_0002,2026-08-24,Equity,EUROSTOXX50,EQUITY_MOVE_UP,UP,1.45,EUROSTOXX50 training market move,EUROSTOXX50 generated a representative up market event.,{'zscore_5d': 1.45},"['macro catalyst', 'market repricing']",['TRAIN_SRC_002'],HIGH,"['Downside Hedging', 'Risk Review']",MS_TR_0002,QS_TR_0002
TR_0003,2026-08-16,Rates,US10Y,RATES_MOVE_UP,UP,1.7,US10Y training market move,US10Y generated a representative up market event.,{'zscore_5d': 1.7},"['macro catalyst', 'market repricing']",['TRAIN_SRC_003'],MEDIUM,"['Duration Review', 'Fixed-Rate Hedging']",MS_TR_0003,QS_TR_0003
TR_0004,2026-08-08,FX,EURUSD,FX_MOVE_DOWN,DOWN,1.95,EURUSD training market move,EURUSD generated a representative down market event.,{'zscore_5d': -1.95},"['macro catalyst', 'market repricing']",['TRAIN_SRC_004'],HIGH,"['Corporate FX Hedging', 'Currency Risk Review']",MS_TR_0004,QS_TR_0004
TR_0005,2026-07-31,FX,USDJPY,FX_MOVE_UP,UP,2.2,USDJPY training market move,USDJPY generated a representative up market event.,{'zscore_5d': 2.2},"['macro catalyst', 'market repricing']",['TRAIN_SRC_005'],MEDIUM,"['Corporate FX Hedging', 'Currency Risk Review']",MS_TR_0005,QS_TR_0005
TR_0006,2026-07-23,Commodity,BRENT,COMMODITY_MOVE_UP,UP,2.45,BRENT training market move,BRENT generated a representative up market event.,{'zscore_5d': 2.45},"['macro catalyst', 'market repricing']",['TRAIN_SRC_006'],HIGH,"['Commodity Risk Review', 'Inflation Exposure']",MS_TR_0006,QS_TR_0006
TR_0007,2026-07-15,Commodity,GOLD,COMMODITY_MOVE_DOWN,DOWN,2.7,GOLD training market move,GOLD generated a representative down market event.,{'zscore_5d': -2.7},"['macro catalyst', 'market repricing']",['TRAIN_SRC_007'],MEDIUM,"['Commodity Risk Review', 'Inflation Exposure']",MS_TR_0007,QS_TR_0007
TR_0008,2026-07-07,Volatility,VIX,VOLATILITY_MOVE_UP,UP,2.95,VIX training market move,VIX generated a representative up market event.,{'zscore_5d': 2.95},"['macro catalyst', 'market repricing']",['TRAIN_SRC_008'],HIGH,"['Volatility Review', 'Downside Hedging']",MS_TR_0008,QS_TR_0008
TR_0009,2026-06-29,Equity,SP500,EQUITY_MOVE_UP,UP,1.2,SP500 training market move,SP500 generated a representative up market event.,{'zscore_5d': 1.2},"['macro catalyst', 'market repricing']",['TRAIN_SRC_009'],MEDIUM,"['Downside Hedging', 'Risk Review']",MS_TR_0009,QS_TR_0009
TR_0010,2026-06-21,Equity,EUROSTOXX50,EQUITY_MOVE_DOWN,DOWN,1.45,EUROSTOXX50 training market move,EUROSTOXX50 generated a representative down market event.,{'zscore_5d': -1.45},"['macro catalyst', 'market repricing']",['TRAIN_SRC_010'],HIGH,"['Downside Hedging', 'Risk Review']",MS_TR_0010,QS_TR_0010
TR_0011,2026-06-13,Rates,US10Y,RATES_MOVE_UP,UP,1.7,US10Y training market move,US10Y generated a representative up market event.,{'zscore_5d': 1.7},"['macro catalyst', 'market repricing']",['TRAIN_SRC_011'],MEDIUM,"['Duration Review', 'Fixed-Rate Hedging']",MS_TR_0011,QS_TR_0011
TR_0012,2026-06-05,FX,EURUSD,FX_MOVE_UP,UP,1.95,EURUSD training market move,EURUSD generated a representative up market event.,{'zscore_5d': 1.95},"['macro catalyst', 'market repricing']",['TRAIN_SRC_012'],HIGH,"['Corporate FX Hedging', 'Currency Risk Review']",MS_TR_0012,QS_TR_0012
TR_0013,2026-05-28,FX,USDJPY,FX_MOVE_DOWN,DOWN,2.2,USDJPY training market move,USDJPY generated a representative down market event.,{'zscore_5d': -2.2},"['macro catalyst', 'market repricing']",['TRAIN_SRC_013'],MEDIUM,"['Corporate FX Hedging', 'Currency Risk Review']",MS_TR_0013,QS_TR_0013
TR_0014,2026-05-20,Commodity,BRENT,COMMODITY_MOVE_UP,UP,2.45,BRENT training market move,BRENT generated a representative up market event.,{'zscore_5d': 2.45},"['macro catalyst', 'market repricing']",['TRAIN_SRC_014'],HIGH,"['Commodity Risk Review', 'Inflation Exposure']",MS_TR_0014,QS_TR_0014
TR_0015,2026-05-12,Commodity,GOLD,COMMODITY_MOVE_UP,UP,2.7,GOLD training market move,GOLD generated a representative up market event.,{'zscore_5d': 2.7},"['macro catalyst', 'market repricing']",['TRAIN_SRC_015'],MEDIUM,"['Commodity Risk Review', 'Inflation Exposure']",MS_TR_0015,QS_TR_0015
TR_0016,2026-05-04,Volatility,VIX,VOLATILITY_MOVE_DOWN,DOWN,2.95,VIX training market move,VIX generated a representative down market event.,{'zscore_5d': -2.95},"['macro catalyst', 'market repricing']",['TRAIN_SRC_016'],HIGH,"['Volatility Review', 'Downside Hedging']",MS_TR_0016,QS_TR_0016
TR_0017,2026-04-26,Equity,SP500,EQUITY_MOVE_UP,UP,1.2,SP500 training market move,SP500 generated a representative up market event.,{'zscore_5d': 1.2},"['macro catalyst', 'market repricing']",['TRAIN_SRC_017'],MEDIUM,"['Downside Hedging', 'Risk Review']",MS_TR_0017,QS_TR_0017
TR_0018,2026-04-18,Equity,EUROSTOXX50,EQUITY_MOVE_UP,UP,1.45,EUROSTOXX50 training market move,EUROSTOXX50 generated a representative up market event.,{'zscore_5d': 1.45},"['macro catalyst', 'market repricing']",['TRAIN_SRC_018'],HIGH,"['Downside Hedging', 'Risk Review']",MS_TR_0018,QS_TR_0018
TR_0019,2026-04-10,Rates,US10Y,RATES_MOVE_DOWN,DOWN,1.7,US10Y training market move,US10Y generated a representative down market event.,{'zscore_5d': -1.7},"['macro catalyst', 'market repricing']",['TRAIN_SRC_019'],MEDIUM,"['Duration Review', 'Fixed-Rate Hedging']",MS_TR_0019,QS_TR_0019
TR_0020,2026-04-02,FX,EURUSD,FX_MOVE_UP,UP,1.95,EURUSD training market move,EURUSD generated a representative up market event.,{'zscore_5d': 1.95},"['macro catalyst', 'market repricing']",['TRAIN_SRC_020'],HIGH,"['Corporate FX Hedging', 'Currency Risk Review']",MS_TR_0020,QS_TR_0020
TR_0021,2026-03-25,FX,USDJPY,FX_MOVE_UP,UP,2.2,USDJPY training market move,USDJPY generated a representative up market event.,{'zscore_5d': 2.2},"['macro catalyst', 'market repricing']",['TRAIN_SRC_021'],MEDIUM,"['Corporate FX Hedging', 'Currency Risk Review']",MS_TR_0021,QS_TR_0021
TR_0022,2026-03-17,Commodity,BRENT,COMMODITY_MOVE_DOWN,DOWN,2.45,BRENT training market move,BRENT generated a representative down market event.,{'zscore_5d': -2.45},"['macro catalyst', 'market repricing']",['TRAIN_SRC_022'],HIGH,"['Commodity Risk Review', 'Inflation Exposure']",MS_TR_0022,QS_TR_0022
TR_0023,2026-03-09,Commodity,GOLD,COMMODITY_MOVE_UP,UP,2.7,GOLD training market move,GOLD generated a representative up market event.,{'zscore_5d': 2.7},"['macro catalyst', 'market repricing']",['TRAIN_SRC_023'],MEDIUM,"['Commodity Risk Review', 'Inflation Exposure']",MS_TR_0023,QS_TR_0023
TR_0024,2026-03-01,Volatility,VIX,VOLATILITY_MOVE_UP,UP,2.95,VIX training market move,VIX generated a representative up market event.,{'zscore_5d': 2.95},"['macro catalyst', 'market repricing']",['TRAIN_SRC_024'],HIGH,"['Volatility Review', 'Downside Hedging']",MS_TR_0024,QS_TR_0024
